,convrs,cluster
0,당신이 골프 조금 친다고 당장에 우리 집이 어떻게 되는 것도 아니라고,0
1,그래서 어제 봤던 사람도 이년 반밖에 안 됐는데 친구들이랑 가면,0
2,나는 친구 믿고서는 하여튼 열심히 해 갖고 같이 한 번 나가 보자고,0
3,그러면 집에 왔던 차림으로 가면 되는데  골프는 옷을 갖춰야 돼,0
4,우리가 공유할 수 있는 걸 하면 좋겠어 나는 골프를 하고 싶은 생각이 없거든,0
5,친구들한테 한번 알아봐요 나도 골프 한번 해 보려고 한다  뭐부터 해야 되냐,0
6,내가 산에 갈 때마다 그 친구가 생각이 나 같이 갈 때가 좋았는데 싶어서,0
7,그래서 골프를 배워 볼까 하고 있는데  어때  한번 골프 배워볼래,0
8,그래서 주말마다 골프를 배워보는 것도 참 좋을 것 같다는 생각을 해봤어,0
9,골프도 골프지만 작은 공으로 하는 스포츠가 또 얼마나 많이 있냐고,0
10,그럴 수도 있겠다 나도 거기까지는 미처 생각을 못 했었는데 다행이네,0
11,그게 골프 치는 것과  될 때 일어날 파장을 내가 감당을 못 한다고,0
12,바깥에서 하는 골프는 많이들 하더라고 운동이 되기는 하나봐,0
13,아이고 배워 보기도 전에 뭘 접어 그럼 다른 스포츠를 생각해 보는 거지,0
14,그래도 특별히 주로 했던 운동이 있을 거 아니야 친구들하고도,0
15,또 뭐 어쨌든 그런 여러 가지 능력들이 대단하고  또 이 골프를 치려면 돈이 많아야 되잖아,0
16, 골프 얘기했지  채 하나가 굉장히 비싸 살 ,0
17,골프도 운동 중에 운동이지만 골프는 이제 돈이 좀 드는 편이잖아,0
18,걔가 십 오분만 뛰어 준다고 얘기를 하나 봐 이것도 한번 자세히 봐야 될 것 같아,0
19,그리고 내가 골프를 배우고 싶은데 자네가 치지 말라고 그러니까 안되지,0
20, 어느 운동을 해도  마찬가지고,0
21,간단하게 옷 입고 나가서 배우고 그렇게 하겠냐고 갖춰서 하려고 하겠지,0
22,내가 당신한테 골프를 자꾸 배우라고 하잖아 그게 골프가 배우는 건 좀 비싸,0
23,골프 모임에 있는 사람들이랑 가끔 같이 치는데  그럼 또 안 할 수가 없어요,0
24,당신이 사람들하고 어울리는 거 좋아하고  술 좋아하는데 골프만 치겠어,0
25,내가 몇 년 간 골프를 쳐보니까  이게 왜 힘드냐면 우리가 하는 게 네가지가 있어,0
26,근데 자기가 골프도 치고 싶어 하니까 골프 배우는 것도 좋을 거 같아,0
27,골프에 대해서 아무래도 니가 잘 알고 공부를 했으니까 알려줬으면 해,0
28,근데 사실 걔네들하고 같이 맞추는 건 내가 별로 안 내켜 친구라고 해도 그래,0
29,체육 시설이나 이런 것들에 대해 하는 생각이나 관점이 있을 것 아니야,0
30,그 사람들이 그럼 자기한테 와서 너는 골프 칠 주제 안 되니 치지 마라  이럴까,0
31, 이 정도로는,0
32,그 친구가 열심히 치고 있는데 나보고도 배우라고 권했거든,0
33,그런데 지금은 어느 정도 사람들한테 보편적인 스포츠가 되었잖아,0
34,저도  청도에 간 적이 있는데  골프치러는 안 갔고 맥주 마시러 갔었어요,0
35,그래서 우리가 치믄  찾아가면서 해야 되니까 운동이 된다고 생각해,0
36,그래서 노인들은 친구도 없고 나가려고 하지도 않으니까 외로워지는 거잖아,0
37,그러면 사람을 알게 되고  우리 노년에도 운동을 같이 할 수 있으니까,0
38,나는 파크 골프 거기가 좋더라고 그래서 그곳은 저렴하게 운동할 수 있어,0
39,나는 이렇게 놀고 운동을 했는데 너희는 클 때 어떻게 자랐는지 모르겠어,0
40,자네 얘기가 항상 맞는 말인데  그래도 그건 어디까지나 자네의 생각인 거잖아,0
41,근데 현실적으로 돈이 먼저 생각이 들지 지금 우리가 차를 바꿔야 된다고 생각해 봐,0
42,나도 모르게 픽 웃고 그런다니까,0
43,자네는 항상 좋은 생각을 하지 스포츠랑 나름 깊은 생각을 하는 건 알아,0
44,그러니까 이제 스포츠들이 삼십년 전과는 차이가 나게 된 것이지,0
45,아니 그건 없어 그건 없는데 윤 회장이 그렇잖아,0
46,그 사람들이 자기한테 내가 이거 사 줄게 같이 골프 칩시다 말했다고 쳐,0
47,근데 그것도 내가 좀 해 볼라고 하면 잘 안 되고 좀 그렇더라고,0
48,그치 그렇게 이용할 수 있고 그거는 우리가 좀 고민을 해 봐야 될 것 같긴 하다,0
49,그나마 골프는 혼자 하는 거다 보니까 조금 흥미가 생겨서 가끔 하고 있어요,0
50,한잔만 마신다고 해 놓고는 이제 열시까지 진탕 마시고 취해 가지고,0
51,제대로 배우려면 어디서 배워야 되는지 찾아야 되고 하니까 고민이야,0
52,그러면 골프보다 볼링을 하고 싶은 거야  아니면 돈 생각해서 볼링을 하자는 거야,0
53,그러면서 사람을 알게 되고  우리 노년에도 운동을 같이 할 수 있으니까,0
54,아니 골프는 아직까지는 별 관심 없어 난 별로 관심이 안 가,0
55,그러니까 내가 지금 얘기할 때 골프를  생각해요,0
56,그래서 내가 자네의 의견은 충분히 아는데 내 관점에서 스포츠는 그렇다는 거야,0
57,배우지 말라니까 또 배우지 말아야 되긴 하는데  어느 정도 여지는 줘야지,0
58,그게 골프치는 것과 연결이 될 때 일어날 파장을 내가 감당을 못 한다고,0
59,그 말을 듣고 좀 나는 저 사람이 정말 굉장히 멋진 사람이다라는 생각이 들더라고,0
60,그러니까 스포츠는 그냥 스포츠고  내가 할 수 있는 운동은 또 따로 있어야 돼,0
61,그런 거 보면 난 그 생각이 들어 당신이 스포츠를 잘 하긴 뭘 더 잘 해,0
62,서서 치면은 잘 안 나간다고 하는 거 나이 먹어 갖고 치는 거 아니야,0
63,뿐만 아니라 많은 팬들이 안타까움들을 많이 하는데 저도 마찬가지로 그렇게 생각하거든요,0
64,그런데 그 친구하고 지금 사이가 조금 틀어져서 안 본지가 오래됐는데,0
65,맨날 집에 있으면 이것저것 생각하는 것도 많고 하니까 병이 나는데,0
66,뭐 그런 것도 운동 하면은 재미있기는 하지 일단 우리는 지금 너 쉬고 있을 때 정해야지,0
67,그러니까 나는 자기가 혼자 배우는 것도 상관없어 자기만 쳐도 되잖아요,0
68,과격하지 않은 운동으로 골프가 제격인데 골프는 돈이 많이 든다고 하잖아,0
69,그것도 춤이지만 일종의 운동인데  이제는 대중화가 되어서 다 할 수 있어,0
70,하다 보니까 분위기도 굉장히 좋아지고,0
71,그러니까 너무 내가 그렇게 한다고만 생각하지 않았으면 좋겠어요,0
72,하지만 골프 치고 싶은 마음이 아예 없어지는 것도 아닐 것이고 만족도 못 할 거야,0
73,자기가 이렇게 얘기를 하니까 그 사람들도 선뜻 같이 치러 가잔 얘기를 못 하지,0
74,스매싱을 그렇게 해 보라고 친구는 잘 들어갔어,0
75,이런저런 얘기 나누고 이런 걸 저는 좀 좋아하는 편이라  자주 가려고 해요,0
76,그렇잖아  나는 삼십대부터 여러 스포츠를 시작해서 계속 해왔는데,0
77,지금 오로지 골프만 생각하니까 우리 주위에 보면 진짜 운동할 게 많거든,0
78,근데 운동을 하고 나니까 쉽게 지치지도 않고 일에 집중도 더 잘되는 것 같아,0
79,그런데 그게 또 안 좋은 점이 있더라고 스포츠에 대해 잘 모르게 된 것이,0
80,돈이 많이 들어 그렇다고 당신이 할 때 뭘 대충 할 사람이 아니잖아요,0
81,그리고 아까 스포츠 하는 사람들이 외적으로 치장하는 것을 말했는데,0
82,하다가 무슨 일이 있어서 그만두거나 하면  게으른 사람은 운동 못해,0
83,또 성인병 없는 사람도 많이 봤으니까 운동을 그렇게 하니까 그렇겠지,0
84,나는 골프를 이십년 전에 처음 쳤는데 그 당시에는 사람들이 거의 없었어,0
85,창피하기도 하고  내가 왜 이걸 해서 이렇게 스트레스를 받나  하는데,0
86,중계를 보면 저렇게 운동을 하면서 힘을 길러야 되겠구나 하고 자극을 받지,0
87,아까  얘기했지  채 하나가 굉장히 비싸 살 엄두도 못 낼만큼,0
88,네가 골프는 그냥 하면 된다고 했고  수영을 할 생각도 가지고 있고,0
89,그래서 더 깨끗하고 올바른 스포츠계로 바뀌어 나가게 되면 좋지 않을까 싶어 나는,0
90,그래서 걔네 따라가고 하려면 내가 더 스트레스 받을 것 같아서 좀 그래,0
91,스포츠를 찾아서  골프나 그런 것은 조금 늦었다는 생각이 들지만,0
92,지금 보면 계속 골프 얘기만 하잖아 골프  골프  골프  계속 얘기하잖아,0
93,그러다 보니까 팬들이 엄청 떠난 거는 사실이야 그렇게 생각하는 게 한두사람이 아니야,0
94,내가 물을 무서워해서 이제 어쩔지는 모르겠다만은  다른 스포츠도 생각을 해 봐,0
95,그래도 나는 당신이 좀 더 시간을 두고 다른 스포츠를 했으면 좋겠어,0
96,꼭 돈 들여서 할 게 아니라 그냥 다양하게 모여서 할 운동도 얼마나 많은데,0
97,앳날부터 골프가 우리 서민들이 쉽게 배울 수 있는 건 아니라고 그러기는 했거든,0
98,지금은 또 골프로 내기하는 애들이 많지 않다 보니까 부담이 덜해요,0
99,이제 막 그런 생각 하는데 우리 동네는 그래도 운동하기는 참 좋잖아,0
100,거기에 이제 전국에서 골프 하겠다고 몰려온 사람들이 다 있었던 것 같아,0
101,나는 그렇게 생각하는데 다른 사람들은 어떻게 생각하는지 모르겠네,0
102,하여간 그냥 있는 것 보다도 뭐라고 해야해 골프를 치든  수영을 하든,0
103,보링도 잘 치고  몸도 운동한 사람처럼 생겨서  운동 많이 하나 보다 생각했는데,0
104,그렇게 말해주니까 너무 고맙다 요즘 한참 흥미를 잃고 있었거든,0
105,매일 서로 열심히 하고 잘 치는 사람들을 보고 하면 우리도 처음에 잘 쳤겠어,0
106,왜 그런가 모르겠어 돈이 많이 들어서 그런가 주위에 치는 사람들은 많거든,0
107,그게 그래서 그 회장님이 그 얘기 했자너,0
108,별로 내가 먼저 막 나서서 알려달라고 얘기할 생각은 사실 없거든,0
109,그렇기 때문에 그런 면에서 나에게 맞는 스포츠를 생각해 보고 있는데,0
110,나는 숲속을 도는 것도 힘드니까 천천히 꽃 구경 다 하고 먹을 것도 먹고,0
111,친구들이랑 같이 가게 되면 내기를 자주 하니까 저는 불청객인 셈이죠,0
112,사람들이 많이 운동을 한다고는 하지만  정보를 모르는 사람도 많고,0
113,그래서 한 번 그런 것도 한 번 시도를 해 보는 거는 좋을 꺼 같은데 모르겠어,0
114,자네도 스포츠를 워낙에 좋아하니까 잘 조절해 나갈 거라고 봐,0
115,한번씩 나갔다 오면 스트레스가 확 풀리니까  병이 좀처럼 안 나,0
116,그리고 다른 스포츠도 보면 물론 동네에서 운동하는 게 가장 적절하긴 해,0
117,큰 재미가 없으니까 안 치게 되는 것 같고  또 다른 사정이 있어서 안 쳤어,0
118,그 오라버니가 워낙 마음이 좋으니까 사람들이 서로 찾잖아,0
119,그래서 천천히 올라가볼까  이렇게 생각을 했는데  제일 나이 적은 사람이,0
120,그리고 제가 잘 어울리지 못하는 이유 중에 하나가 저는 내기를 안 해요,0
121,그래서 내가 그 사람한테 미안하고 그렇더라고,0
122,결론은 나도 걷는 것을 한번 생각해 보고 내 친구는 자꾸 골프를 치자고 하네,0
123,나는 회장님한테 그 소리를 못 들었거든요,0
124,너무 때리니까 그래서 가끔가다 한 번씩 때려주면 좋을 텐데 그렇대,0
125,그러니까 돈이 많으면 얼마나 좋을까  뭐 그런 생각을 계속하게 되더라고,0
126,그래서 골프도 생각을 해 봤어 어떻게 하면 나이 먹어서 운동을 하면서,0
127,학교가 어떻게 될지 모르지만 가게 되면 내가 사줄까 그런 생각도 했었어,0
128,팀에서 보내 주지 않는 그런 것을 보면서 굉장히 능력이 있는 친구구나라는 생각이 들더라고,0
129,나는 골프를 못 치니까 좀 그런데  너도 직접하는 것보다 구경하는 편이잖아,0
130,스포츠라는 것이 바쁜 와중에도 가는 사람이 있고  안 하는 사람도 있는데,0
131,몸이 진짜 나도 모르는 사이에 운동을 해서 좋아진 건가 정말 신기해,0
132,몇 명이서 어디로 갔었는지 누가 이겼는지 얘기하는 데만 서너시간 걸려요,0
133,내 친구들이 스크린 골프를 많이 하니까 같이 가서  해야지,0
134,잘하는 사람이랑 하는데 그 사람이 실수가 많이 줄어졌더라고,0
135,그렇게 주는 거 같더라고 자기가 그래 가지고 그거를 그렇게 했어,0
136,지금 새로운 걸 배우는 것 보다 지금 하고 있는 것에 집중하는 게 더 좋지 않을까,0
137,나이 더 먹기 전에 몸이 더 굳으면 더 못 하니까 친구들이랑 같이 하니 좋아,0
138,그런 것들을 워낙 좋아하니까 하고 싶고  근데 지금은 좀 그러네 그렇지,0
139,수영은 실내에서 하니까 눈이 오나 비가 오나 그런 구애 안 받고 할 수 있잖아,0
140,아니면 내가 볼 때 이 스포츠라는 것은 깊은 묘미를 절대 알 수가 없어,0
141,동생은 다른 것도 배워본다고 하는데 저는 몸치라서 엄두도 못 내요,0
142,거기 나이 좀 많이 드신 분들도 면허증 있는 사람들은 탈 수 있기는 하겠다,0
143,특히 남들이 자주 하는 당구 같이 공 가지고 노는 건 잘 못 하는 것 같아요,0
144,지금은 잠깐 끊었어 그런데  운동은 아까도 얘기했지만  구경하는 걸 좋아했는데,0
145,시작하려니까 아는 데도 없고  또 주위에서 누가 선뜻 하자고도 안 해,0
146,아니 나도 마찬가지야 나도 똑같애,0
147,어느 날 나는  할까 봐 수영은 못 하겠어  이랬더니 같이 하는 사람이,0
148,이렇게 마음에 맞는 친구들하고 같이 운동을 하니까,0
149,스포츠가 삶의 활력소가 되는 것은 분명하니까 지켜보기는 좋기는 해,0
150,근데 내가 딱 보면 어떤 운동이든 상황이든  그 사람만 풍기는 분위기가 있어,0
151,요즘에는 골프를 쳤다 안 쳤다가 하는데  그게 한 칠팔년 정도 된 것 같아,0
152,사람들은 운동하는데  노는 데도 있고 참 즐겁더라고 앞으로 같이 가 보자,0
153,사람들이 골프를 치다 보면  이런 동작을 많이 하는데 잘못된 거예요,0
154,그러면 네가 할 운동이나 취미 생활을 하기 좋은 것은 어떤 게 있어,0
155,어쨌든 나는 그렇게 생각을 하는데 자네는 어떻게 생각하는지 궁금하네,0
156,이게 집중해서 해야 하고 또 탁구는 그런 거 같애,0
157,그래서 그때부터는 같이 내기를 하면 좋겠다고 생각했던 것 같아요,0
158,또 골프를 하다 보면 내기 같은 것도 치는 사람들끼리 하고 그러는 것 같더라고,0
159,그러고 보면 난 그 생각이 들어 당신이 스포츠를 잘 하긴 뭘 더 잘 해,0
160,걔가 골프를 시작했단 말이야 같이 시작한다고 해 놓고 못하고 있잖아,0
161,그러니까 하고 싶은 걸 해야지 다양하게 재미있게 하는 게 좋잖아요,0
162,보니깐 나보다는 당신이 주위에서 더 많이 치고 있구만 먼저 시작을 해 봐,0
163,내가 스포츠를 보면서 물론 자네한테 화도 내고 짜증도 부리고 그렇긴 하지,0
164,그러니까 운동도 우리가 생활화가 되어야 해 매일매일 내 생활처럼,0
165,그래서  없어 아까  골프도 잠깐  볼링이 나은 거 같아,0
166, 하는 것보다는 구경하는 쪽을 많이 하고 탁구도 많이 쳤던 거 같아요,0
167,우리는 그나마 서울 가서 접하다 보니까  실내 운동을 자주 하게 되었지,0
168,나보다 못하는 사람들도 많고 나이가 더 많은 사람도 곧잘 하더라고,0
169,아마 감동을 안 먹은 사람이 없었을 거야 근데 그걸로 골프 명맥을 이어왔지,0
170,조금 하다 보니까 공이 막 뜨고 그러니까,0
171,오늘 이렇게 대화를 나누어 보니까  스포츠에 대한 관점이나,0
172,그래서 내기하는 골프를 하게 되면  거기는 불리할 것 같아서 잘 안 갔어요,0
173,가서 어우 아는 사람 만날 것 같아 막 이러고 갔는데 의외로 생각보다 없더라고,0
174,내 생각에 당신이 먼저 시작해야 되겠는데 같이 하자는 사람이 많다면서,0
175,난  좋아하니까 공으로 하는 것이 재미있고 한데  골프는 관심이 안 가,0
176,그런데 구경하는 거는 참 재밌어,0
177, 재미는 있는데 내가 지금 이 시간에 왜  있나 이런 생각이 조금 들어,0
178,그냥 그런 거는  괜찮은 것 같아 맞아 근데 생각보다 아는 사람은 없더라,0
179,참 갑자기 생각난 게 있는데  우리 가족이 요즘에는 또 골프를 배운다고 하더라,0
180,그래서 수영을 또 해 볼까 요즘은 그런 생각이 드는데 쉽지는 않아,0
181,당신 진심이 뭔지 한번 얘기를 해 봐 나는 뭐가 진심인지 궁금해서 듣고 싶어,0
182,그래서 우리는 저렴하게 할 수 있는 볼링 같은  우리 볼링 하잖아 그렇지,0
183,우리가 우리 나이대에 특별하게 다른 운동 할 수 있는 건 없는 것 같아,0
184,나는 파크 골프는 잘 모르겠고  거기 골프 하는곳 있으면 한번 해보고 싶어,0
185,즐거운 분위기에서 자기가 좋아하는 운동을 진짜 마음껏 해서 자기 역량을 펼쳐야지,0
186,그렇기 때문에 그 사람은 어려운 사람을 굉장히 많이 생각하고  이렇게 헌신적이더라고,0
187,다 탁구가 좋아서 모이고 하는 거라 다 사람들이 다 순하고 좋은 거 같애,0
188, 팔십 이년도 그러니까 한 삼십년도 더 된 얘기죠 그때는 저도 아마 꽤 젊었을 때니까,0
189,나도 스포츠를 제일로 하고 싶지만 현실적으로 그렇게 살 수 없잖아요,0
190,또 내가 배워보니까  못하는 대로 배우는 맛이 있어서 괜찮더라고,0
191,그리고 하나 더 얘기하자면  골프를 치다 보면 여러 가지 에피소드가 많아요,0
192,거기에 있던 캐디들이 공부를 안 하는 건지 골프 용어를 전혀 모르더라고요,0
193,근데 정말 눈꼴 시린 사람도 많아 막 배우기 시작했는에 옷 사입고 그런다고,0
194,자네도 그런 부분을 아마 많이 느낄 거야 나는 그런 면에서 스포츠를 좋아해,0
195,나도 고등학교 일학년 때부터 쳤는데  나는 운동을 항상 잘하려고 안 해,0
196,나는 이 사람이 왜 다른 걸 가져오나 했는데  알고 보니까 영어를 못했어요,0
197,이게 연구도 해야 하고  공부도 해야 더 잘 칠 수 있는 스포츠였던 것 같아요,0
198,이것저것 보기도 하고 구경도 하고  더불어 운동도 되면 좋을 것 같거든,0
199,골프를 치는 사람들도 연령대가 있거든 젊었을 때부터 배워서 친 사람일텐데,0
200,수영에만 집중하게 되고  물 속에서 노는 것이 굉장히 좋은 것 같아,0
201,골프나 자치기나 규칙은 유사하단 말이야 규칙이나 개념은 흡사하잖아,0
202,그러니까 우리가 목표를 잡고 종목도 한번 정해서  운동을 추진을 해 보자고,0
203,저도 수영 같은 운동도  그냥 따로 배우지 않아도 곧잘 따라하고 그랬어요,0
204,정말 좋은 말이고  맞는 말이야 그런데 사실 안 해 본 종목을 시작하려면 겁나잖아,0
205,지금은  스포츠야 이 스포츠더라고 그래서 거기도 관심이 있고,0
206,너무 승부욕이 많아  승부욕이,0
207,그렇게까지 얘기 할 건 아닌 것 같고  누구나 배울 수 있다고 생각해,0
208,마음을 먹어야 되는데 이게 쉽지가 않네 아직 어린데 벌써부터 그러니 큰일이야,0
209,생각보다 주변에 운동하는 사람들이 별로 없더라고요 많지 않아요,0
210,역시 마찬가지야 나도 그 보미한테 배우고 싶은데,0
211,내가 항상 당신한테 걱정하는 것은 스포츠를 두루 보고 그런 게 아니야,0
212,사람들이 말을 그렇게 하면서  막상 왜 그런지는 이해를 못하고 모르더라고요,0
213,그냥 자기가 좋아하는 것들을 즐기면서 사는 것이 인생의 낙이 아닌가 생각을 합니다,0
214,근데 그럴려면 내가 마음을 먹어야 하지 그치 그리고 요즘에 그 타는 거 있잖아,0
215,같이 다닐 수 있을 정도로는 자네가 신경 써서 집에서 많이 가르쳐 줘,0
216,선천적으로 운동 신경이 타고난 사람들이 골프 하는 거 보면 확실히 달라,0
217,그라니께 조금 좋아지는 거 같더라고 나이가 먹으니까 좀 그렇기는 하더라고,0
218,여기 비슷한 사람끼리 재미있게 치면 좋을 건데,0
219,그냥 생각도 안 하는 공이 날라다니고 그러니께 그런 재미도 나는 것 같어,0
220,나는 항상 얘기를 하지만 그렇게 하는 것을 강조하고 싶은데  일단 시작해봐,0
221,골프 선수가 너무 상세히 잘 가르쳐줘서 한번 배우고는 싶더라,0
222,아니  아직까지는 별 관심 없어 난 별로 관심이 안 가,0
223,집이는 그렇구나 나는 탁구를 치다 보면은 여러 사람의 성격이 다 틀리잖아,0
224,꼴프 선수가 너무 상세히 잘 가르쳐줘서 한번 배우고는 싶더라,0
225,주변에서 이렇게 운동하는 사람이 있으니까 같이 하게 되는 것 같아,0
226,그래서 나는 또 자네하고 같이 운동을 할 수 있는 기회가 될까 생각했지,0
227,어제 바다 회장님이 그러는 거야,0
228,그래서 딴 거 없어 아까 골프도 잠깜 얘기했지만은 볼링이 나은 것 같아,0
229,하나 둘 셋 하고 하나 둘 셋 하면서  조금 생각하니까 예전처럼 나아졌어,0
230,그 친구가 처음 배울 때 골프 동작을 좋지 않게 배웠던 거야,0
231,너는 참 승부욕이 많은 거 같더라 볼링도 많이 늘었고 자주 쳐야 되는데,0
232,나도 그렇게 생각하는데 다른 사람들은 어떻게 생각하는지 모르겠네,0
233,아무튼 스포츠가 됐든 레저가 됐든 뭐든지 너무 과하게  하다 보면,0
234,산에 가는 게 겁나 갖고 요즘에는 산에도 안 가고 그라거든,0
235,그래 아크로바틱 수영장에서 그 하는 거 구경 했는데 운동이 많이 되겠더라고,0
236,탁구 치는 게 재미는 있더라고 왜냐하면 친구도 만날수 있잖아,0
237,그런 스포츠  운동이니까  돈이 적게 드는 방향은 무엇인지 알고 싶거든,0
238,잘 쳐야지  내가 원래 승부욕 얘기가 나왔으니까 말인데  승부욕이 엄청 많아,0
239,그 차례가 진짜 나도 이렇게 선뜻 얘기를 못 하겠어 미안해 가지고,0
240,아까 골프 얘기했지  골프도  채 하나가 굉장히 비싸 살 엄두도 못 낼만큼,0
241,어쨌든 근데 네 말대로 진짜 뭔가 여러 분야에 골고루 신경을 써야 되는데 말이야,0
242,풀어지려나 모르겄지만  자네가 동에서 하니까 취미생활로 한번 해 봐야겠어,0
243,골프도 자기가 관심을 갖고 해 보고 싶어 하니까 나도 해 볼까 한 거지,0
244,너가 옆에서 나한테 맞는 운동도 추천해주고 좋은 점을 얘기해줘서 좋아,0
245,한사람은 빨리 가고 싶은데 한사람은 천천히 가고 그러니까 재미가 없더라고,0
246,그래도 공 없이 하는 운동들은 또 좋아하는 편이에요 공이 없어야 재미있어요,0
247,차라리 탁구를 한번씩 그냥 재미 삼아 쳐도 몸 전체적으로 운동이 되거든,0
248,그리고 당신도 배우면 금액이 더블이 되는 거야 그 점도 좀 부담스러워요,0
249,그런데 나는 항상 골프 프로그램도 보거든 보고 있으면 지루하지가 않아요,0
250,두번째로는  너가 운동 신경이 있는 데에도 못 하면  내 걸로 못 만드는 거야,0
251,골프는 스트레스를 너무 많이 받을까 봐 막상 배우기가 좀 그래,0
252,그러기 때문에 그 사람은 어려운 사람을 굉장히 많이 생각하고  이렇게 헌신적이라고,0
253,골프를 쳐 보니까  사람들한테 칭찬받을 정도로 뛰어난 점수를 낸 적이 없어,0
254,멀쩡하게 생겨서 못 걸으니까 이상하게 쳐다보는 사람도 있고,0
255,그때는 그 좌익수 쪽에 떨어졌는데 나는 이제 춥고 그래서 집에 갈까 말까 고민하고 있었거든,0
256,너는 요즘 골프를 안 친다고 하던데  특별히 안 치는 이유가 있는 거야,0
257,골프 이렇게 많이 나오니  또 그것도 이제 약간 씁쓸한 거 같고 그렇더라고 ,0
258,그렇다고 해도 내가 봤을 땐 그 사람들도 처음부터 그렇게는 안 샀을 거 같아,0
259,나이대에 따라 운동이나 스포츠를 어떻게 생각하는지에대해 알게되어서 좋네,0
260,그리고 요즘은 내가 주로 무엇을 많이 하냐면  탁구를 많이 쳐 탁구,0
261,그런데 주변 사람들 얘기를 들어보면 가서 골프만 친다는 얘길 못 들어 봤거든,0
262,옛날부터 골프가 우리 서민들이 쉽게 배울 수 있는 건 아니라고 그러기는 했거든,0
263,그니까 그렇게 보면 동적인 운동인 거 같은데 이상해,0
264,그리고 저도 많이 없는 편인데 그래도 골프는 괜찮아요,0
265,내가  제일 좋아하는 스포츠는 옛날에는 당구였었어,0
266,주변에서 보면 정말 대단핸 거 같아 그걸 어떻게 다 챙겨서 보는지 모르겠어,0
267,헤엄을 이렇게 치는 게  수영을 할 때 더 빨리 배우는 거 같기는 하더라고,0
268,자기 친구나 동창들도 많이 친다면서 그러면 자기가 친다고 얘기를 해 봐요,0
269,쉬는 날 뭔가 운동이든 뭐든지 한가지 취미를 정해서 즐기면 굉장히 좋거든,0
270,나는 보니까 팬으로서도 굉장히 부럽고 좋아보였드라고 그런데 대부분 보면은 그렇잖아,0
271,그 프로그램 항상 제 시간에 하지 않나,0
272,옷부터 모자까지 신경을 쓰는데 나하고 성향이 안 맞는 것 같고,0
273,그런데 또 잘 치는 사람들을 구경을 하는 것도 큰 도움이 되는 거 같애 그지,0
274,같이 재밌게 치면 좋을 건데 왜 그렇게 안 치냐고 얘기한 게 맞는 얘기야,0
275,자네는 스포츠에 대해 어떻게 생각하는지  나는 그런 부분이 궁금해,0
276,너는 수영을 나에게 추천을 해줬는데  그래도 골프에 대해 생각해보면,0
277,왜냐하면 관심을 갖는 게 있다가 없어져서 안 하게 되면 그런 부분들이 또 허전하더라고,0
278,뭐 그 이상이라고 하는데  의해서 거의 게임이  그렇게 얘기를 하잖아,0
279,골프 스윙은 고정되어 있는 채를 맞추는 운동이라 조금 달라요,0
280,그러니까 우리도 정말 신경 많이 써야 될 거 같아 제가 그거 요즘 하잖아요,0
281,바깥에서 골프 하려고 하면 처음 시작할 때는 돈이 들 것 같더라고,0
282,그래서 주위 사람 보기도 좀 그렇고  성질이 나서 그냥 포기를 했었어,0
283,직접적으로 하는 것보다는 구경하는 쪽을 많이 하고 탁구도 많이 쳤던 것 같아요,0
284,네가 참석해서 좀 활기 넣어주고  대화도 하고 좋은 얘기도 해 주고 하자고,0
285,그런 생각에서 한 얘기고 나는 그전에도 그랬지만 일단은 즐기는 거야,0
286,직접 물어보면 그것도 아니래 그냥 스크린 꼴프 가볍게 가서 치더라고,0
287,그래서 너는 스포츠에 대해 앞으로 어떤 방향으로 갈지  의견이 있니,0
288,그런 생각도 들고 어쨌든 계속 보면 요즘에는 스포츠에도 막 비리도 있고 그렇잖아,0
289,당신이 자꾸 그런 식으로 애들한테 부담 주면 더이상 애들이 집에 안 와,0
290,맥주 마시면서 스트레스를 푸는지  나는 에이컨을 틀어놓고 집에서 보는 게 나아,0
291,잠깐 가서 배울 수 있는 골프를 한다면 골프 교실 그런데 다니면 좋겠네,0
292,거의 십년 전이니까 그 당시만 해도 골프가 대중적인 스포츠는 아니었어요,0
293,그런 마음에서 자기한테 지금 해 보라고 하는 거야 사이클이든 골프든 해 봐,0
294,레슨받는 거하고 안 받는 거 하고는 좀 차원이 있다고 얘기를 하대,0
295, 그런 것도 운동 하면은 재밌기는 하지 일단 우리는 지금 너 쉬고 있을 때 정해야지,0
296, 골프 치는 사람들이 상당히 많드라고 요즘 스크린 골프 포함해서,0
297,골프도 골프 교실에서 기초부터 천천히 배우고 많이 걷는 운동이기도 하니까,0
298,또 운동이라는 게  잘해야 재밌지 못 하면 재미가 없어서 할 수가 없어요,0
299,당구가 운동이 안 되는 것 같아도  당구 치면서도 굉장히 신경을 쓰잖아,0
300,한팀이 되야 칠 수 있으니까 한동안 안 가니 골프 할 기회도 잘 없어요,0
301,스포츠에 대한 인식도 달라지고  접근도 달라지게 되는 것이잖아,0
302,물론 보편화 됐고 대중화 됐지 지금도 내 주위에 골프 치는 사람들이 많이 있어,0
303,내가 푼돈 엄청 많아요 지금까지 생각해보면 내가 밥을 다 사줬을 거야,0
304,다 때리고 그러면 좀 실수가 많은 거 같지 않아,0
305,진심으로 팬으로서 진짜 그냥 일반적인 마음이 아니라 그런 얘기를 좀 전하고 싶어,0
306,나도 이제 날 잘 알잖아 이제는 무엇이든지 옛날같지 않다는 걸 알고 있어,0
307,요즘은 우리 집 앞에 있는 그 하상도로 그곳도 되게 공원처럼 잘해놨잖아,0
308,약간 원래 스포츠라는 게 승부욕이 있어야 ,0
309,내가 스뽀쯔에 대해서 관심이 있어서 어떻게 운동할까 하거든,0
310,자기는 골프 치고 나는 수영을 하든 뭘 하든  그런 것도 괜찮은 거야,0
311,물론 남들 갖고 싶은 건 다 가지고 싶지 근데 그걸 다 할 형편이 안 되잖아,0
312,근데 너는 왜 스포츠가 좋다고 해서 골프는 끊어 놓고 안 나가는 거야,0
313,그런데 요즘에는 그냥 왜 안 되지 이상하다라고 생각하고 말아버려요,0
314,그런데 처음부터 골프 치면 스트레스를 정말 많이 받는다고 하더라고,0
315,골프도 골프지만  같이 간 팀들이랑 같이 놀고  술도 한잔 마시면서 친해졌어요,0
316,나중에 간 가족이 너는 뭘 하든 하면 끝까지 하는 성격이라고,0
317,그래서 내가 보기는 볼링을 한 칠십살 까지는 할 수 있지 않을까 싶어,0
318,그래도 같이 골프 얘기를 나누어 보니까  골프에 대해서 연구를 많이 하신 것 같아요,0
319,근데 그 라바는 모르겠네 그것도 좀 틀린 게 있나 그건 모르겠네,0
320,그 사람이 좋은 얘기 해줄 거야 그 나이에 그렇게 운동하는 사람 드물어,0
321,거기 가서 즐기는 게 사람들하고 어울리는 게 더 좋은가 봐,0
322,나보고 볼링 배우라고 하는데 볼링은 공이 너무 빨리 들어가서 못 치겠더라,0
323,또 잘 맞으면 오늘은 잘되는 날인가보다 하고 더 재미있게 하고 그래요,0
324,그리고 당신이 골프 배우고 싶다는 거 못하게 태클 걸어서 미안하기도 해,0
325,저거 절은 내가 옛날에 갔던 절이였어 기억 나,0
326,왜냐하면 다른 사람들 내가 근이도 하긴 재밌게 쳐야지,0
327,그런데 네저 스포츠는 너무 힘들고 나이 먹어서 할 것이 아니더라고,0
328,그래서 친구들하고 직장 당구 같은 거 쳐 보고 싶었고,0
329,생각보다 이수근이 정말 잘 치더라 나도 중계 끝나고 탁구 한번 쳐야지,0
330,자기가 먼저 하고 시간이 좀 흘러서 주변을 돌아 볼 때 해봐야겠다 했거든,0
331,노을은 일주일에 한 두 번 요즘에는 계속 안 오던데 계속,0
332,그래서 그때 돼서 내가 같이 할 수 있으면 하겠다  그런 마음이었어,0
333,날마다 배우는 게 조금씩 다르기는 하지만 물장구치는 기초부터 배워,0
334,스크린 골프를 하면 나를 항상 데리고 가서 같이 골프를 치는데,0
335,나도 옛날같이 여러 게임하고  이렇게는 못 하겠더라고 한두게임이 딱 좋아,0
336,그러면서 그 사람들한테 배우고  또 도구 구입하는 요령도 물어보고 하는 거지,0
337,근데 그건 그 이상도  이하도 아닌 거고 그냥 잘 하면 좋고 못 하면 못 하는 거고,0
338,나도 지금보다 조금만 더 잘 쳐 갖고 아무 때나껴서 그냥 계속 이기고 싶어,0
339,몸이 늘어나다 보면 재미있으니까 또 하게 되고  그럴 것 같아,0
340,또 애만 혼자 보내기도 조금 그렇더라고 나도 해야 된다고 맨날 얘기했고,0
341,사실 그래서 나 혼자 가지고   몰래 치러 간 적도 많이 있었어,0
342,볼링은 그다지 돈이 많이 들어가는 운동도 아니고 둘이 가서 쳐도 되잖아,0
343,수영을 중계를 한다고 하면 찾아서 영법을 자세히 보면서 고쳐봐야겠다  생각하고,0
344,넘 하는 거는 잘 보이는데 내가 하는거는 안 보이니까 그게 참 어렵더라고,0
345,무턱대고 들어가기가 쉽지 않지 그리고 내가 어느 정도 배웠잖아,0
346, 대학교 다닐 때 친구들하고 같이 당구를 제법 많이 쳤는데,0
347,참 이상한 거 같아  이 수영이라는 게  그리고 이 스포츠가 굉장히 좋고,0
348,내가 스포츠에 대해서 관심이 있어서 어떻게 운동을 할까 하거든,0
349,나한테 자꾸 배우라고 하니까 친구는 기분이 나쁜지 같이 가자고 안 해,0
350,요즘은 스크린골프장이 여러 군데 생길 정도로 인기가 많아진 것 같아요,0
351,혹시 지금이나 앞으로도 배우고 싶다거나 아니면 경험하고 싶은 것이 있어,0
352,그 뒤에 여가를 만들어내서 스포츠를 한다든지 할 수 있겠지,0
353,그런가는 몰라도 공이 더 안 들어가고 막 그렇더라고,0
354,그렇다고 골프친다고 다 혈압 없고 병 없고  이런 것은 아니야,0
355,우리가 향교에서 지금 방과후 수업을 하거든 거기에서도 스포츠가 있어,0
356,당신 계속 골프 배우고 싶다고 얘기하는데 나는 우리 형편에 골프는 아니라고 봐,0
357,요즘 팬들이 승패를 굳이 따지진 않는 거 같아요 물론 아무리  안 따져도 이제 이기먼 좋지,0
358,근데 주의할 점은 아무래도 개인마다 차이가 있어서 배우는 속도가 달라,0
359,그렇지만 나는 항시 스포츠를 보면 재미있고  스포츠 나름의 쾌락이 있잖아,0
360,그런 거는  괜찮은데 연령대가 생각보다 상당히 높더라고 거의 다 할머니지 ,0
361,요즘에는 이제 지금 한창 골프 시즌이더라고  그래서인지 골프 중계방송도 많이 하더라,0
362,그러니까  비슷하게 들어가는 스타트 많이 했는데,0
363,저 사람이 애써 힘들게 번 돈으로 하는 건지 아닌지가 우리 눈에 좀 보이잖아,0
364,골프 천재들이 이렇게 많이 나오니 또 그것도 이제 약간 씁쓸한 거 같고 그렇더라고,0
365, 경험했던 스포츠 중에 제일 기억에 남는 것이 있니,0
366,내기 푼돈 엄청 많아요 지금까지 생각해보면 내가 밥을 다 사줬을 거야,0
367,어떻게 보면  우리가 오늘은 뭐가 무너졌다 이런 식으로 말을 꽤 자주 하잖아,0
368, 그 송림 스포츠 센터에서 앞에 아줌마들이 막 했었단 말이야,0
369,건달들이 도중에 들어봤다고 하던데  유성이 밀렸다는 얘기가 그 얘기에요,0
370,너도 알다시피 회사에서 지금 볼링 하고 있잖아 볼링 예전에는 안 했던 것 같은데,0
371,삼촌들 따라 다니면서 그렇게 야구를 잘 하더니  크고 나서는 다른 길로 가더라고요,0
372,요즘  친구는 앞으로  해보고 싶다는 계획이 있어,0
373,나중에 어떤 운동을 해야 될까  뭘 해야 우리 둘이 같이 재밌게 할 수 있을까,0
374,그래  나중에 한번 따라가 보든가 할게 가서 구경 하는 것도 재미있겠다,0
375,그래서 우리 동생은  골프 치면서 가장 어렵거나 잘 안 됐던 게 뭐지,0
376,친구들도 보고 보는 눈이 동사무소에서만 치는 탁구하고는 확 다르거든,0
377,그런데 다시 또 건강이 별로 안 좋다 보니까 스포츠를 권장을 안 하더라고,0
378,걷는 것도 호흡이 맞아야 산에 둘이 가는 것도 발이 맞아야 재미있지,0
379,그런데 골프를 하는 것이 재미있어서 다행이지 참 잘 맞는 운동이야,0
380,진짜 마음 놓고 에이스 치면 그냥 짝꿍한테 잘못 치면 실수라도 하면 미안해,0
381,그래써 조금은 내려놓고 했으면 좋겠다는 거고 아까 또 야구 얘기했잖아,0
382,만약에 자기가 해 보고 싶으면 일단 골프연습장에 가서 배워보겠다고 해,0
383,요즘에는 많이 좋아졌더라고 십 분씩이니까 레슨을 받는데,0
384,요즘에는 자주 못 가기는 하는데  아무래도 자주 갈 수 있는 기회가 없더라고요,0
385,이렇게 같이 얘기하다 보면 또 좋은 방법이  하고 그러는 것 같아,0
386,수영을 배우기 전에는 영법을 정말 몰랐었어 배영은 엎드려서 하는 줄 알았고,0
387,그 어느 한계에 딱 부딪혀서  그걸 더 이상 넘지 못 하고 포기한 것 같아요,0
388,또 자기가 마음껏 즐겁게 해 낼 수 있는 그러한 스포츠계의 문화가 이뤄져야 할 텐데,0
389,거이 십년 전이니까  그 당시만해도 골프가 대중적인 스포츠는 아니었어요,0
390,나도 그러니까 일년 정도 됐는데 한참 재미있어서 막 하다가,0
391,그 선수가 예전에  거기에 나왔었더라고,0
392,그러니까 더 나이 먹으면 더 힘들 것 같으니까 지금이라도 시도해 봤으면 좋겠어,0
393,그래도 주위에 보니까 부부 동반 골프 가는 것을 보니 좋긴 하겠더라,0
394,보니까 다른 스포츠하고 다르게 이상하게 정이 드는 거 같애,0
395,일단 중고를 사던지  주변에서 구할 수 있는 걸로 하면 가격은 정하기 나름이지,0
396,지금은 레저 스포츠라 하고 춤을 춰도 댄스 스포츠라고 하니까,0
397,나는 그냥 우리 같은 보통 사람들이 할 수 있는 실내 스포츠를 훨씬 더 좋아해,0
398,경제적인 요건으로 자살하는 사람이 많으니까  스포츠도 격차가 있잖아,0
399,전부 그냥 사오십대 아줌마 같은데 나오시는데 보니까 연령대가 상당히 높더라고,0
400,나는 나중에 나이가 들면 파크 골프를 하려고 많이 걷는데 돈도 많이 안 든대,0
401,그런데 내 주변에 보면 골프 치는 사람들이 다 사업하는 사람들이야,0
402,내 의견을 존중해서 막무가내로 배우려고 안 하는 건 너무 고맙다고 생각해,0
403,스포츠는 일단 안 해도 살 수 있으니까  우선 먹고 입고 사는 것이 중요하니까,0
404,앞으로 이직을 하게 되면 여러 번 소식 하는 것에 더 신경을 써야 돼요,0
405,우리가 스윙이라는 것은 운동 중에 두 운동에 포함된 동작이잖아요,0
406,그냥 골프를 더 하고 싶은데 돈 생각했을 때 볼링을 하자고 하는 거야,0
407,나도 머릿속에 더 잘 들어가더라고 그렇게 해 보니까,0
408,내가 내일 모레 퇴직인데 그때는 같이 할 수 있는 스포츠를 배우면 좋겠어,0
409,동생은 내기는 잘 안 하던데  사람들이랑 골프 치면서 재미었던 일은 없었어,0
410,근데 운동은 내 몸을 움직이는 거니까 흥미나 즐거움이 배가 되잖아요,0
411,우리가 학교에서 지금 방과후 수업을 하거든 거기에서도 스포츠가 있어,0
412,또 수입이 좋다 보니까 많은 사람들이 스포츠에 대해 관심을 많이 가지게 됐지,0
413,이게 하나의 작은 스포츠가 아니라 정말 어마어마한 의미를 가지고 있다고 생각하거든,0
414,그래서 그걸 생각하면서  다른 거 아무것도 생각 안 하고 리듬만 신경 썼어,0
415,갱기 때 다 이기고 싶었다고 하는 것을 보니까 수영할 때는 어땠니,0
416,그래서 다른 스포츠를 찾으려니까 뭐가 보이지도 않고 없더라고,0
417,그리고 탁구 이런 것도 어렵더라고요 제가 유일하고 공으로 하는 게 골프에요,0
418,골프라는 스포츠가  사람들을 굉장히 예민하게 만드는 부분이 있어,0
419,우리 집사람은 이상하게 내가 뭐를 한다고 하면 다 못 할 거라는 얘기부터 해,0
420,제가 중국 청도로 골프를 치러 간 적이 있는데  골프장이 세개가 전부였어요,0
421,물론 일부 사람들이 의견을 주장하는 걸 수도 있지만 대부분의 사람들이 그렇더라고,0
422,일거삼득으로 하고는 있는데 그래도 내가 더 관심이 있는 운동을 하고 싶어,0
423,그러니까 한 번 때려 갖고 들어가면,0
424,내가 옛날에  수영을 엄청 잘했었어 그러니까  정식으로 배운 것은 아니고,0
425,그럼 제가 예  이러고 계속 얘기를 해요 근데 보면 혼자도 많거든요,0
426,절대 승부 조작이라는 것이 전혀 없었는데 지금 와서 그 얘길 하니 조금 그렇네,0
427,그것도 몇 장 과제도 해왔는데  스포츠도 요즘은 현대화가 되어서,0
428,뭐 건강에 워낙 관심이 많으신 것 같애요,0
429,근데 우리가 스포츠를 이야기하다 보니까 골프를 빼 놓을 수가 없어,0
430,옛날에 내 친구 한명이랑은 산에 가는 스타일이 정말 잘 맞았어,0
431,나중에 노후에 좋지 않겠어 너 탁구 잘 치니까 게이트볼만 하지 말아,0
432,내가 아는 애들도 월 입회비를 내면서  당구를 배우는 친구들이 많더라고,0
433,골프 치는 사람이 예전에는 거의 없다 보니까 옛날에는 자랑거리 중에 하나였어,0
434,그래도 주변에 골프 교실 운영하는 곳이 있나 내가 한번 알아보려고 해,0
435,어제 보미가 처음에는 민볼로 주고 나중에는 카트로 얇게 줬어,0
436,근데 해 보면 재밌을 거 같아 남이 치는 걸 보고 있으면 그렇게 재밌어 보이더라고,0
437,내가 그때 배드민턴 더 안 하겠다고 그랬잖아 당신은 더 하고 싶어요,0
438,휴일에 대해서 얘기를 하는 것이  기억 속에서 꺼내며 말할 수 있어서 참 좋다,0
439,우리가 즐기면서 운동을 해보자고 하는데  스트레스를 받으면 무용지물이지,0
440,그래서 더 이상 스트레스를 받는 것 안 하고 싶어서 골프는 조금 그래,0
441,나는 백 이십 놓고 너도 다마 수를 약간 내리던지 하고  승부를 해 보자고,0
442,우리 동네 사람 하는 거 보니까 팀을 이뤄서 하는 거 보니까 재밌겠더라고,0
443,근데 둘 다 개발이라 못 했지 그니까 너무 집중 하지 말고 즐기면서 봤으면 좋겠어,0
444,그것도 할 거니까 그런 것도 멀티 스포츠 센터에서 연결해서 같이 해 봐야지,0
445,아직 시작은 안 했으니까  일단 배워 놓고 나중에 상황 봐서 대처하면 될 것 같은데,0
446,주말에 무슨 행사를 만들기가 미안할 정도더라고 그 정도라니까,0
447,스포츠 하니까 아까도 잠깐 얘기했지만  스포츠라는 게  예전에는 몸으로 했지만,0
448,같이 모여서 볼링 하는 건 하다 보니까 분위기도 굉장히 좋아지고,0
449,지금도 난 왜 그런지 내가 모르겠어  너무 승부욕이 많아 승부욕이,0
450,첫 번째로는  선천적으로 운동신경이 없는 편이면 골프를 못하는 건 사실이야,0
451,그래서 뭔가 더 잘치고 싶은 생각이 강하게 들고  승부욕도 엄청 생겨요,0
452,체육 협회가 좀 그런 부분도 신경을 써야 되는데  그런 게 좀 미흡한 건 사실인 것 같아,0
453,그런 점에서 대중화된 것은 사실이기는 한데 일단 멀리 나가야 되고,0
454,요즘은 워낙 골프 인구도 많고  진짜 전국민이 많이 하고 있는데,0
455,나이 드신 분들이 전부였어서  젊은 사람들이 들어가면 욕먹고 그랬어,0
456,옛날에 대학교 다닐 때  친구들하고 같이 당구를 제법 많이 쳤는데,0
457,우리가 즐기는 스포츠로 또 건강해지는 스포츠로 할 수 있으면 좋겠다,0
458,볼링도 했던 운동이니까 큰 거부감은 없지 그거 다시 하는 건 일도 아니잖아,0
459,다른 사람들 빼고  둘이서만 커피 내기를 하던지  해야겠네  아니면 저녁 내기,0
460,괜히 짜고 치는 거 같아서  그래서 이것들하고 다시는 당구를 치지 말아야지,0
461,이제 나이가 든 것 같아 누워서 티브이를 봐도 흥미가 없어지니 큰일이야,0
462,사실 지금 당장 집안 경제가 어려운 건 아니니까 당신이 배우는 건 상관 없어,0
463,너네는 볼링을 치잖아 볼링도 취미가 맞아야 휴일을 유용하게 보낸다고 생각해,0
464,너무 덥고 한달만에 치니까 샷은 안 되지  덥지  스트레스 받지  돈 나가지,0
465,내가 지금까지 중에  제일 좋아하는 스포츠는  옛날에는 당구였었어,0
466,그렇게 해요 서로 노력하면서 근데 동아리는 좋아하는 사람들만 모인 데잖아,0
467,그런데 사실 생각해 보면  당구는 그렇게 우리가 전신운동이라고 말할 수 없어,0
468,주위에 골프 치는 사람들이 상당히 많더라고 요즘 스크린 골프 포함해서,0
469,그럴 수 있지 재밌게 치다 보면 나도 모르게 얼굴 표정도 틀려지잖아,0
470,배드민턴은 젊었을 때 친구가 했고 내가 순발력이 있으니까 배우기가 쉬웠겠지,0
471,나는 그냥 할만한 것 같아 내가 신경 써서 최대한 노력을 하려고 하지,0
472,동생이 또 승부욕이 강해서  한번 자극하면 엄청 열심히 달려들거든요,0
473,골프 같은 스포츠는 문화적으로 고도로 발달한 스포츠가 되었는데,0
474,네 맞습니다 자기가 좋아하는 취미라든가 어떤 레저 같은 게 있으면 동참을 하겠지,0
475,그니까 스포츠는 흐름 싸움인 것 같아 항상 스포츠는 하나가 돼야 해,0
476,문화센터에 강좌가 열려있는 수영 같은 스포츠 정도밖에는 없잖아,0
477,요즘은 팬들이 승패를 굳이 따지지는 않는 거 같아요 물론 아무리 안 따져도 이제 이기면은 좋지,0
478,지금 대학교에서 하는 현대 스포츠 강의가 있는데 온라인 수업으로 들어 봐,0
479,학교에서 옛날 문화를 다시 살려서 계승하자는 의도로 하거든,0
480,그런데 요새는 일반적인 스포츠기 때문에 그렇게 선입견을 가질 필요는 없어,0
481,스크린 골프를 옆에서 많이 봐서 처음 시작할 때  스크린 골프를 했는데,0
482,지금 우리가 당구장에 매주 두번 씩 만나서  당구를 재미있게 치고 있잖아,0
483,나는 거기 가고 싶은데  나중에 같이 파크 골프하러 가 보는 건 어떻게 생각해,0
484,우리도 동아리를 만들어 갖고 몇 명이 좀 그렇게 하면 더 재밌지 않겄어,0
485,생각보다 이수근이 정말 잘 치더라 나도 중계 끝나고 당구 한번 쳐야지,0
486,그러니까 운동도 우리가  해야 돼 매일매일 내 생활처럼,0
487,그냥 돌을 가지고  나무를 가지고 놀고  고무줄 뛰기를 했잖아,0
488,저번에 그냥 여행을 가서 레저 스포츠를 한번 해보기는 했거든,0
489,직원들하고 같이 모여서 볼링 하는 건 하다 보니까 분위기도 굉장히 좋아지고,0
490,재미없을 거 같아 티비도 보고 꼴프 연습장 가서  뒤에서  해보고,0
491,그때는 그렇게 생각을 했었는데  언제 한번 가서 당구 다시 쳤으면 좋겠어,0
492,다른 것도 마찬가지겠지만  특히 이 골프가 리듬이랑 템포가 중요하더라고요,0
493,그런 점에서는 몸에는 좋지만  내 생활에는 가끔 안 좋은 점이 있겠지,0
494,직장 동료들하고도 당구 같은 거 쳐 보고 싶었고,0
495,그랬더니 캐디들 표정이 이상한 거예요 다른 친구가 말하기를 이제는 바뀌었대요,0
496,스포츠 채널에서 이수근하고 스포츠 아나운서 탁구 치는 게 대단하더라,0
497,밖으로 나오니까 몸이 정말 무겁게 느껴지긴 했는데  물속에서는 재미있었어,0
498,우리 같이 회사 생활하는 사람들이 좋아한다고 해서 배워보고 싶다고 해도 그래,0
499,그때는 스포츠나 체육이나 고도화되지 않아서 특별한 스포츠라는 것 없어서,0
500,앞으로 우리 후손들도 스포츠에 더 많은 관심을 가지고 지켜보면 좋겠고,0
501,괜히 짜고 치는 것 같아서 그래서 이것들하고는 다시는 당구를 치지 ,0
502,그래서 친구들하고 직장 동료들하고도 당구 같은 거 쳐 보고 싶었고,0
503,나는 당구를 백 이십 정도 치는데  너는 이백을 쳤고 그리고 그 친구는 삼백,0
504,스포츠라는 것이 이상하게 끈끈한 정이 솅기더라고 매일 만나고 부대끼니까,0
505,그런 스크린 콜프는 아무래도 밖에 나가는 것에 비해 한계가 있잖아,0
506,그런데 평상시에 생활을 하고 그러면 움직임이 있으니까 움직임이 늘잖아요,0
507,동생도 해외로 골프 치러 나갔을 때 재밌었던 일 있으면 얘기 좀 해주세요,0
508,그것도 그냥 예전에 그 송림 스포츠센터에서 앞에 아줌마들이 막 했었단 말이야,0
509,지금까지 경험했던 스포츠 중에 제일 기억에 남는 것이 있니,0
510,지금의 골프하고는 아주 다른 환경이었지 그래도 나름 재미있었던 경험이야,0
511,당신이 나 보고 삶에 재미를 느껴 보라고 하는데 골프를 배우면 재밌을 거 같아,0
512,그래도 여름에는 수영을 해야지 사람은 많은데 수영하는 사람은 드물더라고,0
513,너무 기분이 좋았다고 이야기를 하는 거야 그래서 너무 부러웠어,0
514,친구들이 부부끼리 골프를 치는데 내가 못 치니까 부부동반을 못 나가는 거야,0
515,그래도 주변 사람들 보면 골프 치는 사람들이 몸무게가 많이 나가고,0
516,세상에  그 사이에 중국 골프 문화가 바뀌었다는 게  조금 충격적이었던 것 같아요,0
517,볼링이 운동도 되고 같이 치면서 얘기도 하고 다른 부부랑도 친목 도모도 하고,0
518,내가 수영장을 몇 번 갔었잖아 거기는 완전 문화센터잖아 뭔가 재미있더라고,0
519,나 혼자 판단하는 것보다는 주변 사람 말도 들어 보고 참고하는 게 좋아,0
520,그 이상의 거리들은 자기 맘대로 떨어져서 나도 아직 일관적이지는 않아,0
521,경기 때 다 이기고 싶었다고 하는 것을 보니까 수영할 때는 어땠니,0
522,음악에 맞춰서 각종 춤 동작이 다 나오기 때문에 너무 재밌어요,0
523,먼저 이론적으로 배우고 나서  그 다음에 이제 그걸 가지고 내 걸로 만드는 거지,0
524,골프는 대중 스포츠인 건 사실인 것 같아 주변에 골프 안 치는 사람이 거의 없어,0
525,내 나이대 친구들 골프 많이 치고 골프 이야기도 많이 하긴 하는데 글쎄,0
526,너 옛날에 탁구 선수했었잖아 나중에 재능 기부할 수 있는 방법을 찾아봐,0
527,옛날에는 스포츠라는 소리도 안 하고 그냥 놀이 문화라고 했잖아,0
528,콜프를 친 다음에 씻으러 사우나를 들어가는데 거기서 재미있는 일화들이 많았어,0
529,골프를 친 다음에 씻으러 사우나를 들어가는데 거기서 재미있는 일화들이 많았어,0
530,그렇게 바라보고는 있지만 정말 볼 때마다 좀 안타깝기도 하고 답답하기도 하드라고,1
531,이렇게 바라보고는 있지만 정말 볼 때마다 좀 안타깝기도 하고 답답하기도 하더라고,1
532,올래는 아무래도 받쳐 주는 힘이 조금 많이 약했으니까 외국인 투수들이 더 분발하면 좋겠어,1
533,어른들은 아무래도 이제 땅에서 떨어지니까 우리는 막 무서워하고 그랬거든,1
534,올해 외국인 두 투수 둘 다 지금 보면은 그 두명 승이 합쳐서 십승이 채 안 되더라고,1
535,내가 보더라도 당신이 못 이룬 꿈은 아쉽기도 하고 그러거든요,1
536,개개인의 포지션이 있기 때문에 그 포지션에 들어갔을 때를 상상해 보는 거야,1
537,그 사람들 보면은 한편으로는 참 안타깝기도 하고 또 한편으로는 또 대단하기도 하더라고,1
538,이렇게 해서 기준을 정해놓으면 공이 거의 정확히 떨어지거든,1
539,올해는 아무래도 받쳐 주는 힘이 조금 많이 약했으니까 외국인 투수들이 더 분발하면 좋겠어,1
540,그래서 생각해 보니까 조금 아쉽기는 하지만 그래도 여지는 있다고 봐,1
541,보면 우리가 봐도 이게 아웃이나 세이브  이게 정확히 딱 되어 있는데 오심이 되게 잦은 것 같아,1
542,사실 그래서 빠져들잖아요 이게 뭐 그런 분들이 이 팬들하고 일반인하고의 차이인 거죠,1
543,팔년이라는 긴 세월에  그 완봉승 한번 했다는 게 참 대단한 것 같아,1
544,어디야 우익수 그쪽으로 넘어서 장외로 넘어와 가지고 딱 이렇게 날아오더라고,1
545,원 아웃이 되고  박찬호가 수비를 엄청 잘해줘서 자기 꿈을 이뤄낸 거야,1
546,사람이 떨리면 어떻게 되겠어요 긴장되면 밑으로 주저 앉게끔 되어있어요,1
547,뭐 그런 팀들이 다 팔구십위 등 항상 밑으로 가니까 사실 야구 보는  떨어지지,1
548,일반인들이 보면은 정말 상상도 못 한 그런 금액을 받고 들어와서 논란이 있었잖아요,1
549,그래 가지고 그때 이제 백억 시대를 열었잖아요 사실 우리 일반인한테는 엄청 큰돈이지만,1
550,그러고 있는데 갑자기 홈런볼이 딱 나한테 오는데 그래 가지고 그 볼을 운 좋게 주웠지,1
551,그래서 두산 에이스 리드블론 봐봐 얼마나 잘해 밥 먹고 잘만 던지더라고,1
552,예를 들면 팬들의 성향이라든지 그런 걸 잘 인지하고서 앞으로 운영해야 할 것 같아,1
553,뭐 이제  다 알고  관중석에서 종종  많이 오는 모습을 볼 수 있더라고,1
554,제가 봤을 때 보니까 이 경기에 질이 좀 많이 떨어지는 것 같다는 생각이 들더라고요,1
555,그  해서 이제 기아로 들어와 가지고 십년 넘게 뛰었는데 어쨌든 공로가 있잖아,1
556,그런 상황이 이제 많이 있었는데 보면 그 야구팬들의 그 열정이 참 강한 것 같더라고요,1
557,이렇게 저도 이제 야구장은 자주 가는 편인데 올해 들어서 사실 거의 안 갔단 말이에요,1
558,이년차 밖에 안 됐는데  그냥 안타도 잘 치고 홈런도 많이 치니까 멋지더라,1
559,젊었을 때는  어렸을 때는 경기를 진짜 끝까지 다 보고 즐겼었거든,1
560,왜냐하면 가면 매일 지고 또 재미없고 여러 가지 상황 있겠지만은 첫번째가 그거야,1
561,좋은 추억이 될 수 있는 것 같습니다 아까 그 밤하늘에 공이 날라 오는 걸 봤다고 하셨잖아요,1
562,그래서 나는 올해는 십위로 보고 있어 내 말이 맞을 지  틀릴 지 봐봐,1
563,나보고 그 스매싱을 해야 되는데 수비도 좀 되고 그냥 백도 되고 다 되는데,1
564,제가 그리고 어쩌다 한번 함평 갈 일이 있어 가지고 함평에 이군 구장을 가봤거든요,1
565,근데 마에다가 삼회에 강판 당했든 홈런을 맞았든 그게 무슨 상관이야,1
566,어제 보니까 굉장히 아쉽더라고 이제 물론 두산도 에이스급이 나왔기는 했었단 말이야,1
567,육십 넘어버리니까  지금 보면 일년이 금방 지나가면서 세월이 너무 빨라,1
568,그리고 상승세를 이어서 다른 팀들처럼 두산이나 에스케이나 키움 이런 팀들은 계속 잘했지,1
569,그러니까 이제 일도 할 수 있고 좋은 자리에도 올 수 있고 있어서 감사해요,1
570,아무래도 순발력은 떨어지겠지 젊었을 때 보다,1
571,그리고  이어서 다른 팀들처럼 두산이나 에스케이나 키움 이런 팀들은 계속 잘 했지,1
572,여기는 산책이라고 보면 돼 그렇게 힘든 데가 없어 마지막만 좀 올라 가,1
573,그래서 앞으로 더 많이 기대가 되는 그런 선수가 아닐까라는 생각을 해 봤어,1
574,그런 것들이 좀 안 되고 하다 보니까  굉장히 아쉽더라고요 그리고 올해 외국인 선수들 있잖아,1
575,못하고 있더라고 젊은 시절에 야구장에도 한번 가 보고 해야 되지,1
576,제대로 마무리 할 수 있는 선수가 없다고 나는 항상 생각을 하거든,1
577,자기는 꼴찌로 시작을 해서 맨날 돈만 퍼줬다고 하더라고,1
578,그러고 있는데  최근에 거기서 이적하고 싶다라고 했는데 이제 그 팀에서 안 보내준다나,1
579,날아오는데 진짜 이게 맞으면 죽는다는 것보다도  진짜 아름답고 정말 멋있다는 생각이 들어,1
580,그래서 보면 너무 독단적으로 이렇게 운영하는 모습들을 보면서 많은 팬들이 실망한 것 같아,1
581,자네도 알다시피 이게 세이브가 안 되는 게 상당히 민감한 부분이거든,1
582,그러니까 반대할 땐 강력히 반대하는 거지 당신도 계속 나한테 어필을 하잖아,1
583,뭐 좋은 추억이 될 수 있는 것 같습니다 아까 그 밤하늘에 공이 날아오는 것 봤다고 하셨잖아요,1
584,왜냐하면 내가 혈당을 재야되기 때문에  그 운동을 해야 혈당이 떨어지거든,1
585,저도 물론 그건 당연히 그렇죠 근데 또 너무 성적 위주로 보는 것 같기도 해요,1
586,다른 팀의 경기를 보면서 결과만 보는 또 그런 것도 없지 않아 있는 것 같다는 생각이 들어,1
587,좋은 모습을 팬들에게 보여주고 팬들도 더 열심히 응원을 보내주면 참 좋을 것 같습니다,1
588,치다가 결국에는 진짜 무게에 못 이겨서 같이 빨려 들어간 적도 있어,1
589,거기에 딱 서 가지고 그것도 굉장히 치열합니다 좋아하는 선수를 그 틈 사이에 끼어서 보려고요,1
590,그런 모습을 보면서 앞으로 또  굉장히 큰 힘이 되겠구나 ,1
591,그래서 그걸 이십개 자르면  그때부터 공을 치라고 말을 하더라고요,1
592,그 어디야 우익수 그쪽으로 넘어서 장외로 넘어와 가지고 딱 이렇게 ,1
593,바람부터 넣어야 되는데 그 바퀴에 바람 넣는 기계는 다 어디로 갔나 모르겠네,1
594,한 편으로 또 우리가 기아 타이거즈 게임을 하는 걸 봐야 되는데 다른 팀 결과를 보잖아,1
595,그 에프에이로 해서 이제 기아로 들어와 가지고 십년 넘게 뛰었는데 어쨌든 공로가 있잖아,1
596,홈런을 쳤는데 그때 잠깐 밖에 나와 있을 때 그게 장외로 넘어와서 내 앞에 딱 떨어졌어,1
597,아니면 다른 포지션에 가서 이 부분을 이렇게 했으면 좋겠다고 대입을 하는 거야,1
598,우승은 말해 뭐해 당연히 하는 것이고 리그 우승도 하고 그랬으면 좋겠어,1
599,쳤는데 그때 잠깐 밖에 나와 있을 때 그게 장외로 넘어와서 내 앞에 딱 떨어졌어,1
600,이년 전까지만 해도 그렇게 했었는데 올해는 그 투수 상황이 진짜 별로 좋지가 않더라고,1
601,그때는 아무 생각 없이 그냥 계속 치니까  몸이 기억하고 치는 것 같았어요,1
602,그 운동 할 수 있는 데가 많으니까 기다리는 것 많이 안 기다리고 좋더라고,1
603,그냥은 웃을 일이 별로 없지 그러면서 게임하면서도,1
604,결국은 신인들이 반짝 나와서 한두게임 잘해서 올라갈 수도 있지만 매일 그럴 수는 없잖아,1
605,그런 분들이 함께하시는 모습 이렇게 보면 너무 부럽더라고요,1
606,저는 좀 그런 형태를 보면서 참 아쉽다 라는 그런 부분이 좀 없지 않아 있더라고요,1
607,그랬다면 한화가 이 지경까지 되지 않았지 않았을까 싶은데 어떻게 생각해,1
608,그래야 유니폼도 사고 거기에 그 네임펜으로  사인도 해 주고 그러니까요,1
609,그런데 이제 어른이 되어서는  잘 안 맞으니까  할 기회가 없는 것 같더라고,1
610,근데  우리 기아 선수들은 끝나고 나면은 어디로 사라지는지 그냥 잘 가 버려요,1
611,이 부분에서 이렇게 하면 좋겠다  근데 그게 안 되는 거니까 스트레스를 받는 거지,1
612,그런 선수들 사인받는 것도 사실은 그게 야구장에 갔을 때에 또 하나의 낙이거든요,1
613,우리가 둘 다 그런 성향은 아니니까 일단은 결정을 내리는 게 좋을 거 같아,1
614,내년에 리빌딩 한다더니  이제는 그런 것도 의미가 하나도 없을 것 같아,1
615,불안할 때도 많더라고  멘탈이 좀 약한가봐 나도 봤어  정말 멋있었지,1
616,열심히 하다 보면 또 상위권에 오르지 않겠는가  기대해보자고,1
617,아무튼 그렇게 기사가 나왔는데 저도 그 기사를 보면서 나름대로 이제 생각을 해 봤어요,1
618,그런데 류현진은 점수를 한점을 주더라도 다저스에서는 두세점을 내줬잖아,1
619,그런 부분이 나는 정말 좋다고 생각을 해요 엊그저께도 십 이승을 달성했어,1
620,그런 부분도 있을 것 같고 또 기아 팬으로서 이제 기아도 후반기에 접어들었잖아요,1
621,이케 게임은 그래도 집중을 하고 꼭 이길라고 하는 거보다,1
622,결국은 못가더라고요 그래서 지금 올해 이제 또 에프에이가 될 김선빈 선수가 있잖아요,1
623,그래서 좀 보고 굉장히 기억에 남는 은퇴 경기가 아니었나  그런 생각이 들더라고요,1
624,제가 야구장 가서 홈런볼을 두번 받아 봤어요 그래 가지고 관중석에서 이렇게 받았거든요,1
625,화면 틀어져 있는 거 보고  얘기하고 그러는데 그때마다 할 말이 없더라고,1
626,야구장 가서 봤었을 때  잘할 때는 한 없이 잘하고  못할 때는 또 그 반대야,1
627,존 사각에 정확하게 모서리에만 던진다는 건 일반인은 절대 못 하지,1
628,여기서 굳이 이렇게까지 스트레스를 받아  선수도 아닌데  라고 생각하거든,1
629,그러면 진짜 승패를 떠나서 오늘 잘 왔구나 굉장히 내가 왔던 보람이 있구나 하는 생각이 들어,1
630,그래도 현재까지는 투수로서  방어율이 일 점 오 정도로 일위더라고,1
631,그때  그랬는데 보통 팬으로서 좋아하는 선수들이 있잖아,1
632,실제로 보면은 그래 그래서 한번은 김주영 선수가  무등 경기장에서 홈런을 쳤었거든,1
633,그런데 카트로 수비도 잘해야지만 공격도 잘하는데,1
634,그렇게 기대만 갖고 있다가 결국에 그 김 선수는 올해 경기에 한번도 안 나왔잖아요,1
635,저도  어렸을 때 해태 타이거즈 때부터 그걸 바라보면서 커왔죠 물론 선수는 아니었지만요,1
636,한편으로 또 우리가 기아 타이거즈 게임을 하는 걸 봐야 되는데 다른 팀과 결과를 보잖아,1
637,그리고 미국 메이저리그를 항상 보는 편인데 자네가 나더러 항상 그러잖아,1
638,그래서 롯데하고 우리 한화가 역전된 거지 그래도 따라 잡을 수 있을 거야,1
639,그게 지금까지 몇몇 선수들을 제외하고는 사실 쉽지가 않은 부분인 것 같기는 해,1
640,야구장 가서 그 꿈을 키울 수 있는 그러한 부분들을 찾을 수 있으니까 참 좋은 것 같아,1
641,그 뒤에 여가를 만들어내서 스포쯔를 한다는지 할 수 있겠지,1
642,작년에는 우리가 거의 팔회 그때 역전을 하는 야구를 했었다는 말이야,1
643,지금이 아니면 더 늦게 가서는 못 배운다는 것도 알아 내가 몰라서 반대가 아니야,1
644,류현진이 십 이승을 했다네 참 대단한 사람이야 아니 왜 이렇게 잘하는 거야,1
645,그래야 팬들이 팀을 응원하고 또 경기장을 자꾸 찾지 않을까 그렇게 생각합니다 저는,1
646,제대로 안 되는 부분 때문에 제대로 배워 보고 싶다라는 욕심이 나더라,1
647,논밭에 보리밭에 여기저기 다녔는데 그 추억이 다 세월로만 남아버리고,1
648,전체 일위라고 돼 있는데 류현진 선수가 한화에 입단해 가지고 바로 잘할 줄 누가 알았겠어,1
649,아마 한화에서 제일 잘 치는 사람인 것 같은데  실제로 야구장에서 보기도 했어,1
650,어느 순간에 딱 막히니까 흥미가 떨어지더라고 이걸 극복해야 된대,1
651,그러면 당연히 공 받는 게 헤드에서부터 틀어져 버리니까 결과가 안 좋지,1
652,내년이 되면 아마 에프에이 다시 에서 돈을 또 준다 그런 소식이 들리더라고,1
653,정말 보면서 참 저렇게 아름답게 마무리를 하고 지도자의 길도 열어 준 구단도 참 감사하지,1
654,근데 구회까지 던지면 질 것 같더라고 근데 양윤정이 완봉승 욕심이 있었어,1
655,그거 밖에는 아직까지  딱히 지금 이렇다 할 자세하게 나오는 거는 없네,1
656,아무튼 그런 걸 보면은 정말 게임의 질이 좀 많이 떨어지지 않느냐 그런 생각이 들더라고요,1
657,그런 기회가 있으니까 그런 기회를 주고 자기가 좋아하는 걸 하잖아요,1
658,또 표가 있어서  야구장 갈래 해도 거기를 뭐하러 가냐고 그렇게 나오니까 말이야,1
659,그리고 이제 와서 다시 결국은 그 선수가 이제 조금씩 그나마 경기력이 받쳐주고 하더라고,1
660,남은 선수들한테도 하나하나 마지막 송별식 하면서  불러주면서 그렇게 했던 게 기억나드라고,1
661,수비 잘못으로 두개가 인정이 됐고  방어율이 낮아져서 일위로 들어가 있대,1
662,류현진도 거기서 그만두면  우리 한화로 돌아올 거라고 나는 믿고 있어,1
663,그렇다면 한화가 이 지경까지 되지 않았지 않았을까 싶은데 어떻게 생각해,1
664,하나의 팀을 만들어서 가지고 이렇게 했던 것들이 결국은 박자가 안 맞으니깐 못 가드라고,1
665,수술하고서 더 잘하는 거 같아 무슨 비법이 있나 참 대단한 선수라니까,1
666,그니까 내 생각에 에이스들이랑 치면 어딘가 모르게 불안스러워,1
667,이제 룰도 다 알고 관중석에서 종종 커플끼리도 많이 오는 모습을 볼 수 있더라고,1
668,나는 거의 항상 대입을 하면서 경기를 보는 거야 몰입을 해서 경기를 본다고,1
669,한화 팬이 이용구 한명이 없다고 멀어지면 되겠어 오히려 한화를 응원해야지,1
670,좋은 생각이네 스포츠라는 게 항상 그렇잖아 영원한 성적이 없다고 그러잖아,1
671,내년 되면 아마 에프에이 다시 해서 돈을 또 준다는 소식이 들리더라고,1
672,개운하기도 하고 그날 못한 일을 마무리할 수 있어서 좋고 그러니까 일단 와,1
673,가을 야구에 나갈 수 없는 그런 상황까지 이제 오다 보니까 결국은 이런 사단이 난 거지,1
674,맨날 안 좋은 선수 데리고 와서  우수한 선수들이 들어와야 성적도 오르지,1
675, 해설자도 그 얘기를 하던데 투수 놀음이 사실상 야구의 칠십프로다 라고 하더라고,1
676,이용규가 한화를 위해 봉사한다는 생각으로 한해 더 해주면 좋았겠다,1
677,어떤 사람은 집중을 많이 해 갖고 하고 그래서 나는 에이스로 가면 긴장돼,1
678,아무튼 그렇게 딱 떨어져 가지고 홈런볼 한번 주워 봤고 그다음에 또 한번은 유한준 선수 있지,1
679,그래야 유니폼도 사고 거기에 그 네임펜으로 유니폼에다가 사인도 해 주고 그러니까요,1
680,산들아 한화 야구의 굉장한 팬이잖아 근데 네가 왜 충청도 팬이 됐니,1
681,챔피언스 리그 올해 일등을 했으면 한다 그런 나의 바람이 또 있는 거지,1
682,하여튼 쳤는데 그때 바람이 많이 불고 비가 와서 관중들이 별로 없는 그런 경기였었거든,1
683,그리고 좀 인기 있는 군단들의 성적이 일단은 좋아야 돼요 근데 지금 보면은 안 그렇잖아,1
684,내가 전문가는 아니지만  결국 스윙할 때 지지대를 쳐야 한다는 말이야,1
685,결과적으로 보면 이제 어쨌든 그런 데서 오는 성적이 국위선양이라고 생각하잖아요,1
686,요새 나오는 것 중에도 그 엣날 씽씽이처럼 뒤에 브레이크가 있는 것들도 있더라고,1
687,보면 이제 자기가  팀이 이기면 좋고  또 지면 또 스트레스 받고 그러잖아요,1
688,그래서 후반기 때는 좀 위로 치고 올라가서 최소한 좀 오위 경쟁이래도 했으면 좋겠어,1
689,하나도 지루해하지 않고 잘 다녀 보통 육개월까지는 재밌다더라고,1
690,너도 골프를 자주 쳐봐서 알겠지만  여러 변수로 인해서 결과가 바뀌는 것 같아,1
691,근데 게임하면 그게 아니잖아 공이 잘 어디로 튈지 모르잖아,1
692,나는 이렇게 자랐고  우리 아빠는 그랬고  그래서 내가 열심히 노력했고,1
693,신인들을 키운다고 엘에이다저스가 돈을 투자를 더 안 할 모양이더라고,1
694,할 수 없이 응원을 가자고 동원을 하니까 가지 어떻게 응원을 하겠는가  더워서,1
695,서로 간에 믿음이 있으니까 경기를 할 때 좋은 결과가 나오지 않나 싶어,1
696,사실 지금 류현진이 한화 있을 때보다 미국에서 더 잘 하고 있다고 생각해,1
697,아직도 주말을 기다리는 어린 소년 같은 들떠 있는 모습을 하고 있어서,1
698,너랑 가고 싶은데 너 같은 경우 너무 빠르니까 같이 못 가고,1
699,안정환이 뛸 때 안정환  응 그때 당시에 많이 ,1
700,지금 현재 한 일곱게임 다섯게임 이내로 남은 거로 알고 있는데 좀 더 분발해야지,1
701,그게 감독 대행을 맡아서 하는 게 쉽지 않은데 야구라는 게 보면 참 그런 것 같더라고,1
702,그 무렵에 비가 갑자기 또 많이 내려 가지고 결국은 기다리다가 경기는 우천 취소가 됐지,1
703,지금 대부분의 사람들은 야구장을 돔구장으로 크게만 짓기를 원한단 말이야,1
704,이런 갱기는 뉴스에도 별로 안 나오지  그러니까 모르겠더라고,1
705,그런데 지금은 팔구피 에스 에스는 정확하게 떨어진다고 했잖아,1
706,스트라이크 존  사각에 정확하게 모서리에만 던진다는 건 일반인은 절대 못 하지,1
707,허구연은 대전에서 돔구장 짓자고 말하던데  우리 대전에 그렇게 돈이 많아,1
708,그러면서 게임하면서도 사람들이 다 틀리잖아,1
709, 그 이상이라고 하는데 투수에 의해서 거의 게임이 좌지우지된다 그렇게 얘기를 하잖아,1
710,보면 일반인들 생각에도 납득이 돼야 되는데 납득이 안 되는 경기들을 상당히 많이 하더라고,1
711,그 투수일 때 우연히 그 야구장에서 마주칠 기회가 있어 가지고 사인을 한장 받았어요,1
712,이런 팀들은 뭐 계속 팀을 리빌딩 해서 계속 키웠잖아요 근데 우리 기아는 그렇지 못했지,1
713,참 우리가 얼마나 그 많은 사람들 속에서 즐겁게 놀고 응원하고 했냐고,1
714,외국인 선수들이 굉장히 부진을 면치 못하고 또 거기에 따라서 성적이 부진하게 됐잖아,1
715,이용구가 한화를 위해 봉사한다는 생각으로 한해 더 해줬으면 좋았겠다,1
716,올해는 아마 진짜 대박을 날 줄 알았는데 뜻밖에 올해는 작년보다 성적이 안 나오더라고,1
717,그렇게 안 하면 돈을 잃으니까  사람들이 생존 게임이라고 말하더라고,1
718,이제 보통 한 육십 대 이상 되면 하체가 좀 이렇게 처져,1
719,근데 보통 우리 기아 선수들은 끝나고 나면은 어디로 사라지는지 그냥 잘 가 버려요,1
720,단체에서 동원이 돼서 갔으니까 광주가 얼마나 적자가 날지 모르겠더라고,1
721,원인을 찾아야 될 거 아니야 올해 스카우트를 돈 안 들이고 해서 그런가 봐,1
722,뉴스에 보니까  양원종이 완봉승을 지금까지 총 세번했던 것 같더라고,1
723,운영이 야구를 전문적인 지식이 없는 사람들이 보기에도 좀 이상하다 생각이 들 정도야,1
724,앞으로 이렇게 뉴스에서 나오고 있는 그런 많은 부분들이 올바르게 판단이 되었으면 좋겠어,1
725,하반기 초반에는 열심히 했는데 생각보다 노력에 비해서 결과가 안 좋았어요,1
726,야구팬의 한사람으로서 또 이쪽 프랜차이즈인 기아가 후반기에 좋은 모습을 보여줬으면 좋겠어,1
727,근데 우리 한화 애들이 장은원 제외하고  근성이 없어졌다고 생각 해,1
728,잘 되는 거랑 안 되는 경우하고 너무 차이가 많으니까 근데 보통은 이제 어릴 때부터 하잖아,1
729,그러면 지금 한화가 못 하는 가장 큰 이유가 한용덕 때문이라는 거야,1
730,승패를 떠나서 열심히 해주는 모습을 보여주면 팬들도 더 많이 응원하지 않을까 싶어,1
731,작년에 우리 한화가 그렇게 인기가 좋았단 말이야 한용덕이 치켜 세웠었지,1
732,지금 중국에 김신욱 걔도 네게임인가 여섯게임인가에 열골 이상 넣었잖아,1
733,근데 제가 최근에 야구장을 갔던 게   한화의 이범호 선수 은퇴 경기를 보러 갔었거든요,1
734,그 선수가 또 구회초에 기아 타이거즈하고 해서  누구더라 투수 암튼 그때 홈런을 쳤어,1
735,재수가 좋으면 홀에 쏙 들어가기도 하고 정확하게 잘 맞아 떨어지거든,1
736,정말 최정상이었고 적수가 없을 정도로 그렇게 했는데 결국은 입단 동기보다도 떨어지더라고,1
737,이게 처음부터 이렇게 에러가 많이 나오고 점수가 많이 나와서 경기의 질이 좀 떨어지더라고,1
738,우리 한화는 실책 없이 근성있게 해주기만 하면  나는 꼴찌해도 상관 없어,1
739,그냥 같이 이렇게 동아리를 만들어 가지고 같이 게임하면 좋고,1
740,근데 또 그런건 있어요 이게 운동을 떠나서 게임이라고 인식되기도 해요,1
741,명절 때 되면 위 아랫마을 나눠서 경기를 하면 동네 사람들 다 나와서,1
742,관중이 들어올 수 있도록 하려면 일단은 기아 타이거즈나 롯데 자이언츠처럼 해야 돼,1
743,외국인 투수들도 보면 아까 얘기했듯이 합쳐서 십승도 안 되는 그런 상황이잖아 지금,1
744,그러한 역전의 묘미 때문에  그때 한화가 화려했고 팬심이 커졌었지,1
745,같이 일선발이 나와서 이렇게 게임을 했는데 일회 하고 이회 시작할 때 비가 엄청 오는 거야,1
746,내가 이렇게 했으면 다른 부분에서도 이렇게 했으면 좋겠다  이러는 거고,1
747,작년에 너가 같이 수영 강습 듣자고 했었잖아 그때 같이 할 걸 후회했어,1
748,그래서 결국은 그 김기태 감독 있을 때 그 해에 우승을 했어요 열 한번째 우승을 했죠,1
749,문제가 나오면 그게 선수로서는 치명적이기 때문에 위에 있는 분들이 잘 해야겠지,1
750,다저스에서 타자들이 수비까지 열심히 해주니까  류현진이 기운이 나는 거야,1
751,얘기를 하다 보니까 여기까지 얘기를 하게 되는데 요새 산책하고 그러잖아,1
752,그냥 결과만 보고 잘했구나 이러는데  챙겨서 보는 사람들이 있더라고,1
753,핸드폰이 나오고 아이티 시대가 되니까 그런 문화가 점점 사라져 가지,1
754,이제 야구장 가서  술도 한잔하고 물론 응원도 하는데 또 우리 팀이 이기고 가면 좋잖아,1
755,외야로 가든  내야로 가든  포수로든  투수로든 거기에 몰입을 해야지,1
756,광주뿐만 아니고 전국이 떠들썩하도록  떠내려갈 정도로 힘차게 응원했잖아,1
757,집이 야구장 주변이어서 자주 가신 것 같은데 저 같은 경우도 이제 자주 가긴 가거든요,1
758,생각해보면  우리 한화 고참급에서 이용규하고 장은호가 아주 잘 나갔잖아,1
759,그냥 놀이 게임 위주로 하다가  거기서 잘 하는 애 발탁 시켜서 나가는 거야,1
760,기아도 감독 바꾸고 막 올라갔지  그리고 또 롯데도 감독 바꾸니 올라갔어,1
761,이제 후반기에 접어들었으니 좀 더 분발을 해서 앞으로 좋은 모습 보여줬으면 좋겠어요,1
762,그래서 올해는 하상도로 쪽 공원으로 몽이 데리고 산책하러 가게 되는 것 같아,1
763,이제 그런 모범적이고 입지적인 그런 부분에서 참 이범호 선수는 훌륭하다고 생각해요,1
764,오늘도  류현진 선수가 메이저리그에서 승을 결국 못 했지만 그래도 방어율은 일위라더라고,1
765,그니까 일상이 운동이라고 생각해요 하여튼 가을 날씨 맞으면 기대할게요,1
766,그래서 제 개인적으로 올해 들어서 그 부분이 굉장히 좋았지 않았나 라고 생각을 합니다,1
767,보통 십 이승을 달성한다고 하면 미국에선 오십프로도 안 되는 경우가 많거든,1
768,동아리를 몇 명이 만들어 갖고 항상 발전성도 있고 내가 모르는 것도 가르치고,1
769,컨디션을 조절하는 부분에서 여름 철에는 내가 산에 안 갈 수 있는 거고,1
770,항상 야구를 보면 투수가 칠회 팔회까지 던지다가 어쩔 수 없이 바꾸잖아,1
771,아무튼  한화에 있다가 일본으로 갔다가 이제 다시 기아에서 은퇴를 하게 된 거였지,1
772,나는 야구장 가는 사람들이 보통 매니아니까  얼마든지 갈 수 있다고 생각해,1
773,솔직히 그래서 그  감독 대행을 만나면은 나는 그런 얘기라도 좀 하고 ,1
774,이상하게 기분이 다운돼 갖고 그날 잘 안 되더라고,1
775, 같은 실내 게임처럼  우리가 생각하는 게 변화가 되고 있다는 얘기지,1
776,그래도 어느 정도 내기를 해서 집중력 있는 게임을 해야 하는데 쉽지 않아,1
777,나도 자네 말에 동감해 이상화 선수의 옛날 눈물겨운 경기를 봤었거든,1
778,기아  타이거즈 같은 경우는 한번 딱 반짝 그렇게 하고 말아서  그게 참 아쉽더라고,1
779,그때 언니랑 같이 갔었는데 타는 것 보니까 애들은 되게 재밌어하고 그러더라고,1
780,작년에도  겨우 오등하고 결국엔 올해도 이제 어차피 가을 잔치에는 못 나가게 됐지 ,1
781,보면 이제 자기가 응원하는 팀이 이기면 좋고 또 지면 또 스트레스받고 그러잖아요,1
782,저는 아까 말씀하신 것처럼 우승할 때는 헥터라든가 그 외국인 투수들이 잘 해왔잖아요,1
783,기아 타이거즈가 상위권에서 쳐져 있는 그 부분을 보면 외국인 선수들이 부진하더라고,1
784,한화가 대전 연고이지만  네가 한화가 몇 승을 하든지 무슨 상관인 거야,1
785,왜냐하면 아까 구실이가 얘기했듯이  부진의 모든 게 감독 탓이 아니거든,1
786,나도 이용구 좋아했어 장운호 못지 않게  우리 한화를 위해 열심히 해줬지,1
787,이게 진짜 일과가 재밌고 마무리가 잘되는데 이게 게임을 졌다 하면 좀 우울하드라고,1
788,올해 기아 타이거즈가 상위권에서 쳐져 있는 그 부분을 보면 외국인 선수들이 부진하더라고,1
789,그때 보니까 굉장히 공도 빠르고 좋고 그랬는데 보통 팬으로서 좋아하는 선수들이 있잖아,1
790,메이저리그에서 류현진  커쇼하고 힐하고 던지고 하는 걸 감명 깊게 보거든,1
791,옛날에 안정환이 뛸 때  안정환 알지  응  그때 당시에 많이 봤던 것 같은데,1
792,어렸을 때부터 그 노력한 결과인 것 같아 딱 옛날 걸 다시 봤거든,1
793,옛날에 우리 고등학교 때 복식 게임을 하면  그 누구한테도 지지 않았었지,1
794,한화는 초창기 때는 잘 하다가 왜 그러는 건지  문제점이 뭔지 모르겠네,1
795,그래서 그때 용기를 내서  다시 한번 도전해 보자 도전을 했는데 되는 거야,1
796,금메달 몇 개 뉴스로 이기고 진 결과가 쭉 나오잖아 그러면  계속 보게 되더라고,1
797,그리고 이제 리그가 겨울에는 끝나잖아요 그래서 그 가을 시리즈가 끝나면 좀 허전하더라고,1
798,앞에서 수비를 하고 그러면 그게 좀 게임이 유리한 것 같은데,1
799,마지막으로 매번 이십 오번을 올해 그냥 말 그대로 샛별처럼 등장한 신인 선수한테 넘겨주고,1
800,재정 생각을 안하고 야구장만 크게 지어 놓으면  그게 되겠냐는 이야기야,1
801,도대체 한화 이글스는 맨날 수비 실책이야 그래도 요새 임중석이 잘하더라,1
802,정신적으로 스트레스를 풀려고 하는 거지 물론 한화가 잘하면 좋겠지,1
803,앞으로 너는 한화 팀 성적에 너무 연연하지 말고 그런 거나 신경쓰란 말이야,1
804,미국 메이저리그같이 조그맣게 변화되는 부분도 있겠지만 가면 갈수록 그래,1
805,그리고 한화에서 워낙 고생했으니까  사이영상을 꼭 받기를 원하는 거야,1
806,내가 그렇게 했으면 다른 부분에서도 이렇게 했으면 좋았겠다  이러는 거고,1
807,정말 도움이 되는 거는 큰 내기는 아니었어도 집중이 되는 게임이었어요,1
808,아무튼 기아에서도 그 공로를 인정을 해 주고 마지막으로 은퇴식을 해줬으니 참 대단한 거지,1
809,어쨌든 혼자 고군분투 하고 있는데 그 위에 선발투수들이 좀 받쳐 줄 수 있으면 참 좋겠어,1
810,골프라는 게 혼자 치는 게 아니라 팀으로 쳐야 하니까 애매한 거죠,0
811,그냥 오직 운동을 계속 하는 것밖에 없어 시간 맞춰서 운동을 가야돼,0
812,내가 겪어본 바로는  골프 말고 다른 운동은 그다지 그런 것 같지는 않아,0
813,그전에는 애들을 봐주다 보니까 운동을 할 시간도 없었잖아,0
814,이렇게 운동하는 사람이 있으니까  같이 하게 되는 것 같아,0
815,그리고 같이 운동할 수 있다는 게 얼마나 좋을지 모를 거야 그지,0
816,잘 하는데 그래서 내가 그 사람한테 물어봤어,0
817,주말을 이용해서 밭에 갔다가 오후부터 운동하고 싶다는 생각을 많이 해,0
818,그러니까 골프도 그냥 타고 나서 하다 보니까 그냥 되는구나 하고 생각했어요,0
819,운동도 집에서 한다는 거는 참 너무 어려운데 운동을 하기는 해야 되잖아,0
820,그런데 너를 가만히 생각해보면 너는 쉴 때 운동을 너무 안 하는 편이야,0
821,그라고 잘 할지 못할지 몰라도 한 번 나가 볼까 생각해볼게,0
822,탁구로 예를 들자면 생각보다 탁구도 돈이 많이 들거든 한달에 십만원 정도래,0
823,저 사람 때문에 내가 못 했다고 하는 생각에 화가 나는 거야,0
824,골프가 나이를 먹더라도 모든 사람하고 즐길 수 있는  것 같아요,0
825,나이도 나도 많이 먹어갖구 그렇게 다른 사람마냥 잘할지는 모르겠네,0
826,탁구에 대해서도 얘기하고 하다 보면 시간이 잘가거든,0
827,주제에 골프를 친다 이런 말을 들을까 봐 사실은 제일 걱정이 되더라고,0
828,솔직히 말해서 그런 운동을 한다고 해서 모든 사람들이 그러고 다닌다는 건 아냐,0
829,너무 약해서 거의 무슨 방금 시작한 사람들 수준으로 수업을 하더라고,0
830,생각하니까 조금 긴장이 되기도 하는데 기초부터 천천히 배우면 될 것 같아,0
831,그것도 그렇고 나는 골프를 내가 해보고 싶은 마음이 전혀 없거든,0
832,내 생각에는 여러 운동 중에서도 수영이 나이 들어서 하기 좋은 운동 같아,0
833,그라는 거를 재미를 느끼나 봐,0
834,나는 그래서 그런 걱정이나 고민들을 서로 얘기할 수 있다고 생각을 하고 있어,0
835,그러니까 내가 화도 내고 그러는 거지 그 순간만 지나면 또 없어지는 거거든,0
836,나는 내가 요즘 휴일에 운동을 한번 시작해 보는 게 좋겠다는 생각을 해,0
837,그런데 공원에 가다 보면 부부들이 같이 운동하고 그러는데 그게 참 좋아보여,0
838,그러니까 시작은 쉬워 내가 뭐 사줄게요  이렇게 얘기하는 사람도 있거든,0
839,우리 나이에 운동으로 할 만한 것이 골프보다 수영이 나은지 고민이지,0
840,나도 가끔가다 그걸 보거든 근데 볼 때는 그게 좀 내가 할 것 같은데,0
841,그래서 꼭 한번 해 보고 싶은데 제일 걱정되는 것이 무슨 골프냐는 소리 들을까 봐,0
842,내가 생각할 때는 여유가 있어야 스포츠나 운동도 하게 되지 않나 싶어,0
843,나는 운동이라 생각 안 했지만  계속 서서 걸어 다니면서 집중을 하니까,0
844,수영 배우는 것이 진짜 힘들더라고 어떤 사람이 물어보는 거야,0
845,자네 의견은 또 어떤지 모르겠네 자네 의견이 어떤지 한번 들어 보자고,0
846,그리고 이것저것 신경 써서 아까 당신이 얘기한 것처럼 수영도 배워야지,0
847,그분이 내 친구보다도 나보고 골프를 배우라고 자꾸 권유하는 거야,0
848,기분은 좋기는 하더라고 근데 탁구를 조금 늘었으면 생각이 많이 들기는 들어,0
849,그런데 그런 사람들은 타고난 체질이고  운동을 평소에 하겠지,0
850,그래서 한동안 제가 골프를 그만뒀다니 다시 시작한지 일년 정도 됐어요,0
851,그리고 저도 운동신경이 많이 없는 편인데 그래도 골프는 괜찮아요,0
852,볼링도 잘 치고 몸도 운동한 사람처럼 생겨서  운동 많이 하나 보다 생각했는데,0
853,그런데 하는 사람들끼리의 분위기는 잘 모르니까  했던 사람의 입장에서,0
854,계속 밖에서 걸어 다니며 운동하고 싶으면   골프 그게 괜찮은 거 같아,0
855,아까 탁구 얘기를 했는데  사실 탁구가 굉장히 정신에 좋은 운동이거든,0
856,물론 재미는 있는데  내가 지금 이 시간에 왜 이러고 있나 이런 생각이 조금 들어,0
857,무언가를 배울 때 음악도 그렇고 운동도 그렇고 힘 빼는 것이 너무 힘들어,0
858,골프를 자꾸 권하는데 한번 해 볼까 싶은 마음은 드는데 시간도 없고,0
859,취미가 같다는 게 좋은 거 같아 우리는 나이 들어서 할 수 있는 게 볼링이었어,0
860,그 친구들도 없고 나밖에 없으니까  취미생활을 해 봐야 쓸만한가 모르겠네,0
861,그래써 요즘 고민 중인데  어쨌든 너무 내가 운동 안 한다고 걱정하지 마,0
862,당신이 배우면 뭐라도 대충 하겠어 처음부터 편하게 배운다고 안 하잖아,0
863,벌써 한시간이 지난 건가 라는 생각이 들 정도로 재미있다니까 너도 해봐,0
864,웃고 즐기는 게 나는 좋을 것 같은디 친구는 워낙 잘 치니까 그게 재미없겠지,0
865,엄마가 하고 싶어서 같이 하자고 한 것이 정말 가족 스포츠가 되었잖아,0
866,탁구가 나이 먹어서는 할 수 있는 운동 중에 그래도 제일 괜찮은 것 같애,0
867,그럼 너도 나 골프하러 갈 때 한 번 따라가 볼래 어떤 느낌인지 구경만 해 봐,0
868,그래도 골프가 대중화가 돼서 스크린도 있고 그러니까 저렴하게 이용할 수 있어요,0
869,그렇지 않아도 친구가 자꾸 수영이 정말 좋다면서 나한테 추천하더라고,0
870,나는 수영은 안 해 다른 건 하지 나는 사람들끼리 노는 건 재미있게 해,0
871,나는 그런 생각을 한 거야 산책하면서 얘기도 하고 차도 마시러 가고 하는 거지,0
872,내가 평소에 말을 하지 않았는데  친구를 보면 운동 신경이 많이 있는 것 같아,0
873,나중에 할 때 거기 따라가고 싶어 그래  너도 그렇게 여러 사람과 즐겨 봐,0
874,그 외에는 내가 다시 댄스 스포츠를 시작해 볼까  마음을 먹었어,0
875,헬스는 매일 가니까 그냥 있는데  헬스가 사람이 많으면 하기 조금 그렇거든,0
876,지금 대중화가 많이 되었지만  경제적인 여건이 받쳐 주는 사람들이 하는,0
877, 어느 운동을 해도 들어가는 게 다 있어  마찬가지고,0
878,아직은 젊어 가지고 산에도 다니고 그렇지만  부부가 같이 나이 먹으면서,0
879,부부 두분이서 앞서거니 뒷서거니 하며 운동하시는 모습도 참 보기 좋더라고,0
880,배우자가 골프를 십 오년 전에 시작을 했는데 오년 동안 하다가,0
881,골프도 좋고 탁구도 좋고 과격하지 않으면서 다치지 않는 운동을 추천해,0
882,그런데 야구 한번 보기 시작하면 세시간이잖아 시간이  ,0
883,그냥 듣기에 비용이 많이 든단 얘기만 듣고 그래서 계속 망설이고 있어,0
884,한번 구경은 해 보고  여러 가지 좋은 부분이 있으면 열심히 운동을 시작할게,0
885,물론 그게 나쁜 건 아니야 그런데 맨 처음에 운동 시작할 때는 스트레스를 받았어,0
886,레슨 받는 데 보니까 그 사람이 때리는 데 겁나 실수를 하더라고,0
887,요새 한별이가 자꾸 골프 치러 한번 가자는데  골프 치러 다니고 있지,0
888,그래도 어제는 그냥 괜찮았던 것 같애 어제 바다 회장님이,0
889,그럼 등산은 어때 네가 땀을 많이 흘려 가지고 등산이 가능할지 모르겠네,0
890, 같이 다니는 사람들이 길게 보고 다니라고 그런 얘기를 하더라고,0
891,그런데 어느 운동을 해도 들어가는 게 다 있어 볼링도 마찬가지고,0
892,그럴 때에는 내가 어떻게 행동하겠다라는 것을 먼저 만들어 놨으니까 괜찮지,0
893,사람들도 골프 많이 추천하더라고 부부가 같이하기 좋은 스포츠라고 들었어,0
894,근데 그래도 볼링은 부부끼리 같이 했던 취미였으니까 계속하면 좋을 거 같아,0
895,내 생각에 자기가 이런 거  저런 거 다 생각해서 볼링을 치러 다니잖아,0
896,사람들도 오늘은 잘하네  이러는 거야 그래서 기분이 좋았어,0
897,나는 가서 운동도 하고 좋은데  나머지 사람들이 체력이 될 지 모르겠네,0
898,어떻게 보면 우리가 더 나이 먹으면 진짜 아예 못 할 수도 있어 시작도 못 한다고,0
899,골프는 나 혼자 하는 거니까 부담이 없는데 팀으로 하는 스포츠는 부담돼요,0
900,진짜 탁구를 처음에는 배드민턴을 오래 한 이십 년을 쳤으니까,0
901,그래서 할만하다는 생각이 들었고  그때는 힘도 좋고 그러니까 괜찮았죠,0
902,우리도 운동 해보면 골프를 할 때  알겠지만 멘탈이 굉장히 중요한 것 같아,0
903,그래서 자기가 먼저 해 보고  그다음에 내가 당신을 따라가서 배우려고 했지,0
904,나는 수영도 한번 그때 해 봤거든 근데 내가 수영을 할 줄 모르더라고,0
905,어떤 동작이나 그런 것들을 빠르게 배우지는 않았지만 결국 다 배웠어,0
906,그렇게 하고 볼링도 해 보니까 나이가 들어서 하기가 좋은 운동 같더라고,0
907,운동 안 하고는 혈당이 안 떨어지기 때문에  게으르게 행동할 수가 없어,0
908,만약에 지금이라도 내가 한번 해 본다고 하면 가능할까 어떻게 생각해,0
909,운동 시작 전에는 한시간 동안 할 수 있을까 걱정이 드는데 막상 하면 괜찮아,0
910,너무 신경 쓰지 않고 그냥 재미있게 치고  안 맞으면 오늘은 안 맞는구나 해요,0
911,또 같이 다니면서 같은 취미를 가지고 있으면 좋잖아 나이 먹어서도 할 수 있고,0
912,나는 그렇게 생각해 보는 운동은 즐겁게 보고 내가 실천 하는 건 따로 있고,0
913,처음 시작할 때만 해도 아빠가 이렇게 길게 할 것이라고는 생각도 못 했고,0
914,왜 그렇게 하는지 모르겠어 몸 건강 관리하려고 운동을 시작해 놓고 말이야,0
915,그 친구가 꼴프를 치는데 레슨하면서 한시간 반 동안 같이 있어 보니까,0
916,우리 아파트에는 탁구장이 있거든 가서 가족들이랑 탁구를 많이 치거든,0
917,골프에 관심을 먼저 가진 사람이 자기니까 자기가 먼저 배우는 게 낫지,0
918,그러면 그다음부터 또 생각을 해 봐야지 사실은 그다음에 비용 걱정을 해야 돼,0
919,나이를 먹다 보니까 친구들하고도 운동할 시간도 없고 조금만 뛰어도 힘들지,0
920,생각할 게 여러 가지 있으니까 예전에 우리가 했던 볼링도 나는 괜찮더라고,0
921,공 가지고 하는 운동은 항상 어렵게 느껴져서 자주 안 하다 보니 못하게 됐어요,0
922,요즘 친구는 앞으로 이런 스포츠니 운동을 해 보고 싶다는 계획이 있어,0
923,나도 그렇게 생각해 보는 운동은 즐겁게 보고 내가 실천 하는 건 따로 있고,0
924,너도 여기 수영 하러 주말에 이쪽으로 넘어와 총무 토요일 날은 뭐해,0
925,운동은 물론 처음 시작한다는 것 자체가 조금 어려운 것 같긴 해,0
926,골프는 돈 많이 들고  파크 골프는 운동장만 있으면 되고 장비도 살 게 없어,0
927,옛날에는 힘이드니까 시간이 생겨도 그 시간을 운동에 쓸 생각을 못 했어,0
928,근데 친구들이 갈 수 있을까 모르겠다 나는 평상시에 등산을 하니까 상관없어,0
929,아무튼 스포츠나 운동을 하지 않는 사람들에게 적극 권하고 싶은 운동이야,0
930,우리가 나이 차이가 많이 나니까  서로 생각이 안 맞는 부분도 있을 것 아냐,0
931,요즘 너무 바쁜데 이 정도로 일하면 예전에는 힘들다는 생각이 들었었어,0
932,너도 알바 다니느라 힘드니까 엄마가 또 어디 가자 어디 가자 하기도 좀 그렇잖아,0
933,이런 생각을 항상 시간 내서 하고 있단 말이야 자네도 나도 운동을 좋아하잖아,0
934,한순간에 때리니까 잘 들어가더라고,0
935,좀 그렇기는 하더라고 처음에 서브 넣었을 때 때리고,0
936,그쪽도  레저 활동 해 가지고 들어가는 그런 거 할 수 있는 데가 있지 않나,0
937,옛날에는 진짜 아파트 한채였지만 요즘은 그렇게까지는 아닌 것 같고,0
938,그리고 수영 안 하는 날에는 같이 등산도 한번씩 가고 그러면서 보내자,0
939,골프 치는 사람 중에서도 혈압 있는 사람 많아 골프를 매일 치는 건 아니거든,0
940,그러니까 좋은 추억 남겨서 오자고 체력 단련하러 가는 거니까 열심히 걷자,0
941,들어가려면 마음이 불안스럽고 가서 한 번씩 하자면 지더라고,0
942,그래서 골프도 시작을 하면 하겠지 근데 내 주위 사람들은 실력이 있잖아,0
943,그런데 레저 스포츠는 너무 힘들고 나이 먹어서 할 것이 아니더라고,0
944,그러면서 같이 다니는 사람들이 길게 보고 다니라고 그런 얘기를 하더라고,0
945,친구들하고 많이 모여 가지고 그런데 한번은 야구를 하다가 다치는 바람에,0
946,스크린 골프 정도를 해서 나중에 오육년 뒤에는 괜찮을 것 같아,0
947,나이를 먹다 보니까 비지니스보다도 친구들하고 얘기하면 골프 얘기가 나와요,0
948,언제 갈지 모르지만 앞으로 사는 동안 운동을 해서 건강하게 살면,0
949,옛날에는 일이 힘드니까 시간이 생겨도 그 시간을 운동에 쓸 생각을 못 했어,0
950,꼭 햇빛을 보는 운동을 하라고 그러는데  네시간 동안 보는 것이 좀 그렇잖아,0
951,내가 만약 수영장 끊어서 간다고 해도 시간을 맞춰야하는데  힘들어,0
952,좋은 생각이야 거기에 또 시합에 나가면 다른 친구들도 보잖아,0
953,선수들 얘기가 어렸을 때는 진짜 힘들고 못 먹고 못 살고 했다고 그러더라고,0
954,같이 걸어 다니면 돼 같이 걸어 다니고 집에서 뉴스 같은 거 잠깐 보잖아요,0
955,요즘  이렇게 보시면 사람들이 참 건강에 대해서 관심 많잖아요,0
956,친구들하고 한 네시간 정도 라운딩 하면서 끝나고 맥주도 먹고 싶어요,0
957,골프는 대단한 운동 신경을 필요로 하는 것도 아닌데  몸치라서 고생했어요,0
958,왜 그러는지 모르겠는데  익산 골프장에서 유독 내기 골프를 많이 하더라고,0
959,자기가 일단 골프 연습장 다닌다고 주변 사람들한테 알려주고 그러잖아,0
960,골프 친 다음에 씻으러 사우나를 들어가는데  거기서 재미있는  많았어,0
961,골프도 하고 싶고  볼링  수영 뭐 그런 것은 그냥 늘상 접하는 걸로 하고 싶어,0
962,그것도 보면 좀 시간 가는 줄 모르게 가는데 그걸 좋아하지 않는 사람들은 왜 가냐고 그러죠,0
963,주말에 어디 놀러 다니는 것 말고 좋은 생활을 할 수 있다고 생각을 하거든,0
964,사실 그렇게까지 틈을 내서라도 뭐하러 가냐 그렇게 이야기를 하는데 모르는 소리예요,0
965,그 정도로 물속에서 힘든 운동을 한 거지 그래도 운동하는 동안은 재미있었어,0
966,그러니까 내가 지금 이야기할 때 골프를 시작합시다 어떻게 생각해요,0
967,그러다 보니까 이게 정신적으로 조금 힘든 부분도 있고  멘탈이 흔들리게 되더라고,0
968,내 나이 때가 골프를 많이 쳐  그렇다고  예전처럼 비용이 많이 드는가 하면,0
969,아까 대화 주제가 스포츠였으니까 내가 다시 스포츠에 대해 얘기해 볼게요,0
970,내가 레저 스포츠 공부를 하고 있지만  대부분 시간을 비워서,0
971,저도 하던 사업이 있고 운동을 좋아하는 친구들이 있다 보니 시작한 거였어요,0
972,처음에 올라갈 때는 무서운데 올라가서는 다들 되게 재미있게 잘 타더라고,0
973,하지만 보통 평범한 직장 다니고 성실한 사람들이 하는 건 정말 보기 좋잖아요,0
974,그날의 상태가 안 좋거나 그러면 완전히 무너지는 게 골프인 것 같아,0
975,왜냐하면 그런 동기를 가지고 운동을 하게 되면 건강에 굉장히 좋을 거 아니야,0
976,그니까 배우고 싶으면 연습장 다니는 것도 괜찮을 거 같은데  자기 생각은 어때,0
977,솔직히 말해서 우리는 건강을 위해서 다니는 수영이고 선수도 아니잖아,0
978,당신이 볼링에 백프로 만족할 수 있을까 나는 그런 생각도 들거든,0
979,그런데 야구 스윙은 골프랑 다르게 날아 오는 공을 맞추는 동작을 뜻해요,0
980,사람 인기가 너무 좋아 갖고 좀 그 사람한테 잡기는 좀 어렵기는 어렵더라고,0
981,그렇게 하는 거 보면 나는 이상하게 그 취미를 못느껴서 그런가봐,0
982,우리가 선수로 뛰는 건 아니니까 너무 큰 욕심 부리지 않고 배우는 게 좋아,0
983,오분이면 되는 거리인데 혼자서 사십분 걸리니까 사람들이 찾으러 오고,0
984,그래서 몸매 관리도 하고 그러느냐고 운동도 하고 댄스도 배우고 그랬거든,0
985,결국에는 수영은 나는  아닌가 보다  못 배우려보다 하고,0
986,이렇게 얘기하다 보면 또 좋은 방법이 생기기도 하고 그러는 것 같아,0
987,저는 내기를 안 좋아하니까 안 하긴 하는데  골프모임에서는 어쩔 수 없어요,0
988,지금은 주변에 골프장도 있고  수영장 같은 체육 시설이 있어서,0
989,예전에는 그런 건 여유 있는 사람들만 다니는 거라고 생각했었어,0
990,내가 수영장을 왜 못 가냐면 수영을 이상하게 개헤엄으로 배웠으니까,0
991,물에서 하는 사람들은 괜찮지만  응원 나온 사람들  우리들도 혼났네,0
992,우리가 만약에 다음에 시간 나면 같이 야구 보러 가도록 한번 해보자고,0
993,안 다친 데가 없어 지금에 와서는 그 야구라는 운동 자체를  못 따라가겠더라,0
994,운동은 일상생활이니까 그렇지 정말 배우고 싶다면 가서 배워도 돼,0
995,탁구를 치면 전신 운동이 되고  당구는 한시간 치면 사키로 걷는 것과 같대,0
996,한두사람이 얘기하는 게 아니라  대부분의 사람들이 그렇게 얘기한다는 거는 문제가 있지,0
997,내가 배드민턴을 오래 쳐서 제일 익숙하긴 하지 근데 골프도 관심은 있어,0
998,근데 우리가 할만한 것이 탁구 정도 있는데  그것도 어떻게 보면 좀 힘들지,0
999,예전에 느꼈던 두려움도 다 사라진 것 같고 벌써 건강해진 느낌이 들어,0
1000,그런데 안 그래도 동창인 내 친구가 다음에 부부끼리 같이 가자고 해서,0
1001,그러면 다 나으면 고전 무용을 계속할 거야 계속 배우고 싶어,0
1002,좋은 의견 고맙네 그런데 내가 운동신경이 적어요 한번 노력은 해 볼게요,0
1003,그래서 친구는 진짜 탁구만 잘 치면 남자한테는 밀리지는 않을 것 같어,0
1004,이제는 그만큼 즐기고 했으니까  우리가 가도 후회가 없는 인생을 살자고,0
1005,이제는 나이가 드는것 같아 누워서 티비를 봐도 흥미가 없어지니 큰일이야,0
1006,탁구를 치면 정신 운동이 되고  당구는 한시간 치면 사키로 걷는 것 같대,0
1007,등산만 할 게 아니라 다니면서  앞으로는 우리가 여행 문화를 한번 가져보자고,0
1008,예전에는 댄스 스포츠라고 삼년을 하면서 회장도 하고 그랬는데,0
1009,나도 그러긴 했었지만  이상하게 연습장에서는 항상 잘되는 기분이었어,0
1010,보통 이제 잘 하는 사람만 키우고 못하는 사람은 신경 안 쓰는 약간 그런 부분이 있잖아,0
1011,관심도 없게 되고 그다음에 볼 흥미가 없으니까 전혀 거기에 대해서 룰도 모르는 거지,0
1012,어쨌든 간에 부부로 필드에 나가는 것을 보니까 진짜 따라가고 싶더라고,0
1013,그것도 맞는 거 같어 내가 구경을 하면 상대방에서 치는 게 보이거든,0
1014,나는 일단 수영을 하고 있으니까  자전거와 수영은 조금 다르잖아,0
1015,옛날에는 나이 드신 분들이 전부였어서 젊은 사람들이 들어가면 욕먹고 그랬어,0
1016, 대단한 것은 아니고 당구나 볼링  야구 정도,0
1017,생활 체육이지만 그게 한다는 게 되게 탁구가 어려운거 같아,0
1018,그래도 자꾸 움직이며 생활해야 돼 앞으로 한번 같이 다니는 거 생각해 봐,0
1019,당구 얘기도 하고 볼링 얘기도 하고 참 너는 승부욕이 많다 그랬어 그렇지,0
1020,그래서 나도 탁구장에 가서 친구를 만나고 인제 친구도 새기고,0
1021,근데 배드민턴보다는 돈이 좀 더 나가겠네 그래서 내가 그때 볼 맞춘다고 했잖아,0
1022,어 운동은 많이 했지 대단한 것은 아니고  당구나 볼링 야구 정도,0
1023,그렇게 사회 생활 하면서 다른 거에 돈 허투루 쓰지 않으면 충분히 괜찮을 것 같아,0
1024,예를 들면  스윙을 할 때 어떻게 하고  임펙트는 어떻게 가는지 스타일이 필요해,0
1025,그라니까 시골에 가서 일하는 것도 그렇게 힘 안 들고 안 들어 보이더라고,0
1026,나는 탁구도 재미있었고 볼링도 재밌고 그랬는데 같이 즐길 수도 있고,0
1027,약간 승부욕도 생기고 원래 스포츠란 게 승부욕이 있어야 되잖아,0
1028,난 그런 모습이 자기한테도 보일 거라 생각해 그런 사람들 얘기를 왜 신경 써,0
1029,아 저 정도 등산을 좋아하긴 해요 그런데 안가게 되요,0
1030,그 거리를 하면 정말 재미있게 내가 골프를 즐기면서 칠 텐데,0
1031,같아 티비도 보고 골프 연습장 가서 뒤에서 구경도 해 보고,0
1032,게임을 보면 시간 가는 줄을 모르겠어 그런데 꼭 배우고 싶거나 하진 않아,0
1033,운동은 자전거  탁구 등 많겠지만 우리가 취미에 맞는 것을 선택해야 돼,0
1034,그래서 자전거는 못 타겠다고 했는데  그 사람은 요즘도 종종 새벽에 나가서,0
1035,다른 나라 선수들보다 승수를 많이 쌓고 있기도 하고 보면 아주 잘해요,2
1036,근데 우리나라는 아예 뭐 그런 팀이 있지도 않거니와 예를 들어 뭐 수구 팀은 있지도 않잖아,2
1037,이동국이 운동하는 선수니까 우리나라에서는 또 뭐랄까 많이 알려진 공인이잖아,2
1038,그런데 볼 때마다 감탄하게 돼 어떻게 저런 선수들이 나올 수 있었을까 싶어,2
1039,걔네는 이제 막 성장한 팀인데도 불구하고 우리나라가 여자 수구에서 이겼잖아,2
1040,그러니까 그 선수들이 잘 해주면 좋겠고  또 성장할 수 있었으면 하는 거지,2
1041,내가 봤을 때 손흥민 선수는 가장 유능하고 으뜸가는 선수가 되겠더라고,2
1042,그래도 그걸 극복하고 우리나라 선수들이 잘하는 걸 보면 정말 대단하더라고,2
1043,나는 이천 이년 월드컵 때 세계적인 선수가 나올 거라고 믿어 의심치 않았어,2
1044,우리나라 팀이 그 뉴질랜드 팀을 그렇게 이겨 가지고 막 난리가 나고 그랬었잖아,2
1045,차범근이 후배들을 많이 키워서 우리나라에 정말 좋은 선수들이 많이 나왔지,2
1046,둘이 만났을 때는 이천이년도 월드컵을 우리나라에서 개최했다는 거지,2
1047,그래서 우리나라에서 음식은 다 갖고 가야 되지 않을까 싶더라고 응 그건 왜,2
1048,이런 선수들이 또 세계적인 선수가 되려고 하고 있잖아요 돈도 엄청 벌어요,2
1049,특히 이강인 선수가 세계적으로 명성을 떨치고 해서 참 대단하다고 생각하네,2
1050,그러니까 유럽이나 아프리카  이쪽에서 태권도가 아주 선양하고 있을 거 같아,2
1051,쇼트트랙도 우리나라 선수들이 얼마나 잘 하냐고 금메달 밭이야,2
1052,명예의 전당에 들어갈 수 있는 우리나라의 선수들이 지금 박세리뿐이 아니잖아,2
1053,여자들끼리 몇 명 안 되지만 그래도 나는 그게 더 나을 거 같은데,2
1054,그러니까 우리 후배들이 또 열심히 해서 정말 좋은 선수들이 줄줄이 나왔지,2
1055,그렇게 하면서 우리나라를 더욱 빛나게 만들었고  너무 대단한 거야,2
1056,어쨌든 간에 요새 지금 우리나라가 호날두 걔 때문에 또 시끌시끌 하잖아,2
1057, 우리나라가 여자 ,2
1058,엊그제께는 핸드폰에 유튜브를 봤는데 거기에서 유남규 선수 있잖아,2
1059,걔들은 그 올림픽에서 그 성과를 내기 위해서 한 거지만 우리도 안 가겠다 했으면 좋겠어,2
1060,진짜 기적이지 그니까 기뻐할 수밖에 없는 거고  또 여자팀은 이겼더라고 하더라고,2
1061,그리고 세계적인 선수가 또 있지 피겨 김연아 선수를 빼 놓을 수가 없잖아,2
1062,그리고  우리나라 문물이 아니고 서양 문물이 들어왔잖아,2
1063,그리고 새로운 인재들이 많이 등용되고 있구나라는 걸 많이 느끼게 된 것 같아,2
1064,그걸 박태환 선수 한 사람으로 인해서 세계적인 대열에 끼었다고 볼 수 있지,2
1065,또 유능한 선수들을 많이 배출해야 되지 않느냐  나는 이런 생각이 들어,2
1066,이름이 잘 알려진 메시보다 잘하니까 흔히  신계라고 말하기는 하지만,2
1067,그리고 또 이십세 미만에서 나온 선수 있지 이강인 선수라든가,2
1068,또 유능한 지도자들을 많이 배출해야 되지 않느냐  나는 이런 생각이 들어,2
1069,그래서 외국으로 많이 나갈 수 있도록 국가 시책으로 그런 걸 하면 좋겠네,2
1070,다 아직 몬 하잖아 외국  유럽 그런 데 같은 게 아니고,2
1071,진짜 철저하게 잘하는 사람만 살아남는 그런 세계이기 때문에 아무리 기대를 해도 안 되더라고,2
1072,그렇게 발휘할 수 있는 힘은 그만큼 또 역량이 비슷한 그런 사람끼리 만났기 때문이겠지,2
1073,수 많은 사람들이 그렇게 생각하고 있다는 건 그게 좀 맞지 않는 행태인지 않나 싶어요,2
1074,기대했던 만큼의 그런 성장을 거둘 선수가 들어와서 바로 두각을 나타내는 게 쉽지는 않잖아,2
1075,김연아도 공부보다는 무조건 스케이트만 한 거야 한 우물만 제대로 판 거지,2
1076,그런 잠재력을 가진 선수가 자기 잠재력을 충분히 발휘할 수 있다는 게 참 대단해,2
1077,그런 게 나는 되게 훌륭하다고 느꼈고  또 나는 그 외국에서 뛰는 선수는 나래를 좋아해,2
1078,그런데 지금은 많은 선수들이 세계적으로 교육도 받고 트레이닝도 하니까,2
1079,근데 요새 또 지금 코로나 때문에 도쿄 올림픽을 내년으로 연기를 해 버렸잖아,2
1080,공부를 하다보면 우리나라 자살률이 오이씨디 오위 안에 든대,2
1081,앞으로 우리가 강대국 대열에 끼려면 유능한 선수들을 더 많이 배출해야 되겠지,2
1082,그랬는데 선수에서 하향길에 접어 들어서 이름도 없이 사라질 뻔한 거지,2
1083,나도 너무 안타까웠어 그것 때문에 우승권에서 밀려나버렸잖아,2
1084,지금 그래서 백개는 안 넘지만  버디플레이 할 수 있는 데로 내려왔어요,2
1085,근데 남자들이랑 치는 거만치 공이 쎄게 오더라고,2
1086,그래서 우리나라에서 국가대표도 아닌데  중국 가서 활약하고 있는 거라니까,2
1087,그래도 우리나라는 아직도 축구하면 차범근이랑 박지성  그리고 손흥민이지,2
1088,얘기했던 삼박자가 안 맞으면  우리나라에 절대 스타플레이어가 나올 수 없어,2
1089,운동선수들은 자기 몸에 왜 문신을 새겨 가지고 이렇게 하는데  수찬은 문신이 전혀 없어,2
1090,세계적으로 이런 선수들이 아주 각광받는 걸 보면 유능한 인재들이지,2
1091,매너가 좋기로 유명하잖아 소속된 팀에 있을 때도  잘해주고,2
1092,더 분발해야 되겠지만 아직은 우드라든가 세계적인 선수들이 워낙 많잖아,2
1093,그러니까 스포츠도 굉장히 나태했는데 지금은 유명한 선수들이 명성을 떨치잖아,2
1094,볼을 던지는 것에 있어서 스피드는 썩 빠르지 않은데 기술이 엄청 좋잖아요,2
1095,아이엠에프 와 가지고 큰 실망에 빠져 있을 때 박세리 선수가 바지를 걷었어,2
1096,그런 소통이 전혀 없어서 아마 걔하고 이렇게 비교가 되는 게 아닌가 싶어,2
1097,중국하고 겨뤄도 손색이 없을 정도로 잘 하는 우리나라 선수들이 많이 있지,2
1098,그런 스타가 되기 위해서는 운동에 타고난 천재성이 있어야 된다고 생각해,2
1099,근데 실질적으로 가서 보면은 그 선수하고 팬하고 소통을 할 기회가 많이 없더라고요,2
1100,산을 타면 공기의 시원한 맛과 정상에 올라갔을 때  뿌듯한 성취감도 있고,2
1101,한국은 그런 거 다 아직 못 하잖아 외국  유럽 그런 데 같은 게 아니고,2
1102,그런 걸 보면서  한선수가 이 정말 치열한 경쟁 속에서 멋있게 은퇴하는구나라고 느꼈어,2
1103,우리가 놓칠 수 없는 그런 장면들이 감동을 새롭게 만들어 내는 것 같고,2
1104,그런 스포츠인으로서 멋지게 성장할 수 있는 기반이 다져졌으면 좋겠다는 생각이 들어,2
1105,그리고 또 다솜이는 어렸을 때 심장병을 앓아서 축구를 못 한다고 했던 때도 있었대,2
1106,그때 우리나라를 위해서 열심히 뛰고 또 후배 양성도 많이 했잖아,2
1107,그리고 또 외국 무대에서 뛸 수 있는 그런 조건을 만들어 주기도 했고,2
1108,손흥민  축구도 진짜 잘하잖아  우리 지점장도 경기 다 본다더라고,2
1109,그러니까 이제  손흥민하고 매너 면에서  자꾸 비교가  되는 거야,2
1110,우리나라는 뭔가 하나 유행을 탄다고 그러면 다 달려들어서 엉망으로 만들잖아,2
1111,난 그건 좀 아니라고 봐 손흥민  류승현  추신수 이렇게 몇 명 있잖아,2
1112,혹시 이놈들이 우리나라 애들한테만 방사능 노출된 음식을 먹이지 않을까,2
1113,도대체 김태균이라든지 고참급 선수들은 연봉만 높고 잘 못하는 거 같아,2
1114,십 이억이 넘어 그런데 상금을 부모님께 드리고 난 얼마든지 벌 수 있다고,2
1115,그 선수도 능력 있는 선수이기 때문에 더 많은 역량을 ,2
1116,축구도 많이 발전했지만 배구도 보니까 상당히 수준급으로 올라갔더라고,2
1117,이때까지 그 올림픽을 위해서 얼마나 많이 노력을 했고 또 거기에 걸려있는 게 많잖아,2
1118,더 어렸을 때는 스케이팅 했었잖아 겨울 스포츠에 대해서는 어때,2
1119,그러니까 전에 이동국이 그랬대 호날두 보다는 메시가 좋다고 막 그랬다는 거야,2
1120,나도 언뜻 이름을 들었다고 그랬잖아 알고 보니까  내 지인의 아들이야,2
1121,박성현은 흔들려도 다시 끝까지 가서 우승을 몇 번 했었지만,2
1122,박항서 감독의 나라에서 왔다고 그러면서 좋은 대우를 받는다고 하더래,2
1123,손흥민은 매너가 좋기로 유명하잖아 소속된 팀에 있을 때도 팬들에게 잘해 주고,2
1124,올림픽에서 우리나라 최초로 금메달을 딴 선수 이름이 뭐더라,2
1125,지금은 이름이 바뀐 걸로 알고 있는데  그 당시에는 빼제배 천룡씨씨였어요,2
1126,어떻게  우리나라라는 나라 자체를 무시하는 행태가 아니야,2
1127,맞아  김효주도 사실 우승권에 몇 번을 갔었는데 이등 삼등으로 밀려나잖아,2
1128,그러니까 이제 그 둘은 좀 비교 할 바가 아니지 않나 싶은 생각이 들더라고,2
1129,피겨 스케이팅의 여왕  김연아 선수도 우리나라 선수인데 세계 일위 아니냐,2
1130,그랬는데 히딩크 감독이 오면서 이천이 월드컵에서 사 강에 올라갔잖아,2
1131,작은 거인처럼 세계 무대에서 아주 활발한 활동을 하고 있잖아,2
1132,그렇게  바꾸면서 서로 그런 존경의 표시를 하고 또 그렇게 멋지게 뛰는 거지,2
1133,근데 요새는 남자 배구도 여자 배구 못지 않게 또 엄청 잘하는 것 같아,2
1134,그러니까  이제 호날두와 손흥민하고 매너 면에서 자꾸 비교가 되는 거야,2
1135,또 한별과 함께 축구의 역사를 또 쓸 수 있는 그런 기대되는 훌륭한 인재들인 것 같아,2
1136,그 우생순인가 그렇게 세계 제패하고 그랬던 것처럼  우리나라는 진짜 근성 있는 것 같아,2
1137,우리한테는 진짜 거액인데 그 큰돈을 투자해서 선수를 또 교체를 하니까 답답하더라고 진짜,2
1138,이렇다  비교된다 하는 것 보니까 보기 ,2
1139,근데 메시는 우리나라에 와서 상당히 성실하게 그때 와서 인터뷰도 해 줬던데,2
1140,축구 동호회를 보면 주로 젊은 층인데  그 중에 한 오십대 된 남자가 껴 있어,2
1141,그런 거 보면 우리나라 축구  한국 프로 축구도 많이 발전한 것 같네,2
1142,들어왔다가 정말 말 그대로 진짜 반짝 혜성처럼 나타나서 이제 삼루 주전 자리를 꿰찼잖아,2
1143,그렇게 하면서  일부 승도 하고 그렇게 해왔었지만 실질적으로 기대했던 만큼은 아니었거든,2
1144,가게 되면 그쪽에서 찾아 봐야지 그 우리가 갈려고 하는 데가 지금 베트남이잖아,2
1145,내가 봐도 한국 여자 선수분들이 골프에서 많은 두각을 나타내고 있는 것 같아,2
1146,그래서 우리나라 사람이 앞으로 베트남에 가면 큰 대접을 받을 거야,2
1147,나는 티브이를 시청할 때  토트넘에서 뛰는 손흥민 축구를 굉장히 즐겨 봐,2
1148,근데 박항서를 보니까 젊었을 때부터 자기가 얼마나 열심히 운동 했는지 모른대,2
1149,내가 아무래도 스스로 습득하는 게 빠르니까 집에서 노력을 하고 가지,2
1150,생각하는 것 자체도 되게 진실하고 그래서  내가 원래 축구는 별로 좋아하진 않았거든,2
1151,거기서 우리나라가 이겨 가지고 그 중학생이 막 눈 똥그랗게 뜨고 놀래고 그러더라고,2
1152,그러니까 이제 호날두와 손흥민하고 매너 면에서 자꾸 비교가  거야,2
1153,그냥 입단 첫해부터 그렇게 잘할 거라고 누가 생각을 했겠습니까 그래서 신인왕도 받았고,2
1154,또 물론 다솜도 좋아하긴 하지만  두 사람이 앞으로 진짜 차세대 한국의 스타가 되지 않을까,2
1155,한때는 굉장히 잘 나가는 선수였는데  그런데 외국 선수들또 정상적인  많은데,2
1156,그렇게 티셔츠를 바꾸면서 서로 그런 존경의 표시를 하고 또 그렇게 멋지게 뛰는 거지,2
1157,그리고 스포츠지만 우리나라 문물이 아니고 서양 문물이 들어왔잖아,2
1158,우리나라도 보면 점차적으로 스포츠 강국으로 발전해 나가는 것 같아,2
1159,류현진이 국위 선양도 하고 개인적으로는 많은 돈도 벌고 하잖아,2
1160,박지성은 히딩크 감독을 안 만났으면  맨유의 박지성은 존재하지 않았겠지,2
1161,우리는 호날두를 보려고 티켓을 사고 돈을 내고 갔는데  아무 해명도 없이,2
1162,박지성이 히딩크를 안 만났으면  맨유의 박지성은 존재하지 않았겠지,2
1163,옛날에 나도 박성현도 좋았고 유소연도 좋았는데 이정은 식스는,2
1164,쇼트트랙에 또 심석희 선수 같은 경우에는 불운도 있고 했잖아,2
1165,우리가 뉴스나 이런 거 보면 영웅이나 대통령  지도자는 아무것도 아니더라,2
1166,나가면 그런 선수들은 또 외화를 많이 벌어들이지 엄청 벌어들이고 있잖아,2
1167,티비에 축구 가르치는 프로그램  나왔었더라고,2
1168,우리나라 축구와 비교하면 차원이 달라 공을 가졌을 때 참 조직적이더라고,2
1169,류현진이 사이영 상인가 탈 수 있다고 생각해 어떻게 되고 있는 거야,2
1170,그렇게 바꾸려고 노력하다 보면 그런 것도 역사가 되겠지 뭐 나도 그 생각에는 동감이야,2
1171,그러니까 선수들이 자기 부모같이 여기고  감독의 말이라면 다 듣고,2
1172,나는 세계적인 강호 이태리를 격파했을 때 얼마나 흥분했는지 몰라,2
1173,태권도도 있잖아 우리나라 전통 무술을 세계적으로 알리고 있잖아,2
1174,근데 류현진이 점수를 한점을 주더라도  다저스에서는 두세점을 내주잖아,2
1175,벌써 세계 올림픽 나가서 양궁에서 금메달 딴 것만 해도 그게 얼마야,2
1176,손흥민  김연아  박세리 우리나라에 국위를 선양하는 사람들은 많지,2
1177,그래서 한국이라는 나라가 작은 고추가 맵다는 걸 실감하게 만들더라고,2
1178,손흥문이 이렇다 호날두하고 비교된다 하는 거  보기 좋더라고,2
1179,해서 위자료랑 티켓 판매 금액에 대해서 소송한 거야,2
1180,그래서 그런 거 보면 박항서 감독은 진짜 대한민국 애국자다  그런 생각이 들어,2
1181,남자든 여자든 우리나라 양궁 선수들이 국위 선양에 굉장한 도움을 주고 있고,2
1182,만능 기대주라고 항상 그렇게 감독들마다 다 키워주고 그렇게 해줬는데도 성장을 못 했지,2
1183,그런 선수가 있었어요 그런데 이제 결국은  이군도 왔다 갔다 하고 두각을 드러내진 않았어,2
1184,또 그런 걸 보면 감독이 다 잘하고 있다라는 생각을 하게 되더라고,2
1185,막 청주씨씨도 가서 치고 그랬었는데  지금은 씨씨 이름이 다른 걸로 바뀌었대,2
1186,우리나라가 크기는 작지만 스포츠 강국으로 발돋움하지 않을까 싶네,2
1187,최근에 나는 유 이십 축구 국가대표 선수 중에  그 골키퍼 초롱 선수가 되게 눈에 띄더라,2
1188,티비에서 봤는데 정말 감탄을 안 할 수가 없더라고 세계적으로 명성을 떨치잖아,2
1189,어떻게 보면  나라 자체를 무시하는 행태가 아니야,2
1190,박지성이 타고난 축구의 자질을 갖고 있었고  그리고 히딩크를 만났던 거야,2
1191,지금 세계적으로 유명한 호날두도 있겠지만 호날두 이번에 친선 경기 했잖아,2
1192,박항서가 유능한 지도자로 너무나 멋진 장면들을 많이 만들어 내고 있고,2
1193,또 지난번 같은 경우에 보면 수철 선수가 왜 자기가 가장 존경하는 선수 얘기를 하더라고,2
1194,이제 최근에는 그 축구선수 나래랑 다솜하고 수찬 그 세 사람을 눈여겨보는 중이야,2
1195,주전 자리도 꿰차고  이범호 선수의 배 번까지 부여를 받았으니까 진짜 앞 날이 창창하지,2
1196,지금 유명한 호날두도 있겠지만  이번에  친선 경기했잖아,2
1197,먼젓번에 축구  축구 할 때 티비에 뭐였더라 요번에 누구 축구선수 나왔잖아,2
1198,어쩌면 축구뿐만 아니라 모든 스포츠에서 대한민국이 서열에 들지 않을까 싶네,2
1199,이강인도 이강인이지만 우리나라 축구하면 옛날부터 차범근부터 다 있지,2
1200,탁구도 보면 옛날에 현정화 선수라든지  유남규 선수도 있고 많이들 있잖아,2
1201,우리나라 류현진을 보면  엄청 빠르면서도 공에 신중을 가해서 던지더라고,2
1202,그리고 박 감독이 선수를 사랑하는 게 자기 친자식처럼 사랑한다고 그래,2
1203,그런데 이번 시리즈는 꽁찌야 그나마 고교생 출신 정은원이 그 선수가 잘할 텐데,2
1204,걔가 막내지만 정말 어른스럽게 그렇게 성장하고  또 외국에 나가서도 활약하고 하더라고,2
1205,그런데 옛날부터 배구는 여자 배구가 잘 했지  남자 배구는 별로 못 하더라고,2
1206,이년 전에 우승을 할 때도 그때  최형우 선수는 에프에이로 영입을 잘했었잖아요,2
1207,계약   위자료랑 티켓 판매 금액에 대해서 소송한 거야,2
1208,싸인도 잘해주고 매너 좋고 그런 사진이 인터넷에 여러 번 올라오더라고,2
1209,그러다가 이번에 또 선수로 발탁돼서 선수 몇 명이 외국으로 나가고,2
1210,빙판의 여왕이 피겨 스케이팅에서 세계적으로 명성을 떨쳤잖아,2
1211,우리나라 야구팀 한화라는 곳이 있는데  거기에 김태균이라는 선수가 있어,2
1212,거기서는 박항서 감독이 아주 영웅이 되어 있더라고 베트남 영웅이래,2
1213,그게 이제 경기가 안 하면 이제  한 시월쯤에는 그 코리안 시리즈도 다 끝나버리잖아,2
1214,이번에 혼자 많이 생각을 하게 됐어 날짜 까먹지 않게 너도 같이 기억해줘,2
1215,그런데 우리나라는 엘리트 체육인 반면에  외국은 주로 사회 체육이거든,2
1216,아빠한테 내가 우승 트로피 안겨줄게  하면서 우승 트로피 타서 안겨주고,2
1217,근데 류현진도 미국에서 부상으로 인해서 출전을 하지 못하는 모양이야,2
1218,그래도 한국말로는 못 알아들을 것 같아서 영어로 한 건데도 모르더라고요,2
1219,왜 한국에 와서 그렇게  했느냐고 물었을 때 그냥 고개를 돌렸다고 하더라고,2
1220,얼마 전에 상암구장도 다녀왔잖아 뭐 호날두인가 나온다고 했는데 속상하더라,2
1221,계약 위반이다 해서 위자료랑 티켓 판매 금액에 대해서 소송한 거야,2
1222,우리나라 프로 축구도 요즘 팬들이 많아지고  관객 수도 많이 늘어났어,2
1223,야구 이야기는 그쯤 해 두고 다른 이야기를 해 보자면  나는 원래 전공이 축구잖아,2
1224,걔도 최강희 감독하고 잘 맞은 거지만  그 팀의 스타일과도 잘 맞은 거야,2
1225,지금은 펜싱이나  이름을 확실히 모르겠는데  노래 부르면서 하는 운동도 있고,2
1226,나도 그에 대해서는 동감해 박항서가 선수 시절 부터 열심히 하지 않았나 싶어,2
1227,그전에는 박인비 선수였는데 불과 작년까지는 박인비 선수가 일위를 유지하고 있었어,2
1228,그러면 양궁만 이야기하지 말고 우리나라 쇼트트랙 이야기를 한번 해 보자,2
1229,엣날 유니버셜 대회 때는 잘하고 멋졌는데 응원도 많이 하고,2
1230,그래 가지고 이번에 올림픽 출전권을 남자 배구가 땄다고 보도를 하더라고,2
1231,뭐 김선빈 선수 있고 안치훈 선수도 있고  그런 선수들이 작년  보면 진짜 대박일 텐데,2
1232,우리나라가 올림픽에 나가면 양궁은 계속 메달을 싹쓸이하다시피 하잖아,2
1233,근데 류현진이 이번에 십 일승을 했네 그러니까 돈도 많이 벌겠지,2
1234,시청 가서 얘기 좀 해봐 시청에 노인 체육 위원회 시설 있으니까 한번 알아봐,2
1235,우리나라는 그렇게 들어가는 돈이 장난이 아니야 온 천지가 남아도는 게 없잖아,2
1236,요새 안정환이 예능에서 축구 교습을 시키는데  타이밍 좋은 패스를 하더라,2
1237,박찬호 선수를 비롯해서 지금 미국 엘에이 다저스의 류현진 선수가 있잖아요,2
1238,옛날에 이상화 선수가 출전한 쇼트트랙에서 눈물겨운 장면도 있고,2
1239,수영 대회를 개최했으니까 이번에 또 수구 팀을 우리나라도 만들어서 했다고 하더라고,2
1240,그런 생각을 하고 어쨌든 이번 수영 대회를 통해서 또 새로운 한국의 저력을 본 것 같아,2
1241,케이비리그에 종사하는 분들이 여러 방안을 제시해서 발전할 수 있도록 하잖아,2
1242,참 오래된 얘기지만 과거에 서독 프로 축구에 차범근 선수가 나왔잖아,2
1243,한국 겨울이 워낙 추워서  외국에서 보내는 겨울은 그닥 추운 것 같지 않아요,2
1244,뭐 만나기 어려울 뿐더러 어떻게 보면 또 박홍식  감독은 지금 잘하고 있잖아,2
1245,세계 상금 랭킹 일위가 우리나라 선수고  그리고 다승 일위도 우리나라 선수야,2
1246,그때 김성민 선수가 부상을 당해 가지고 유격수 백업으로 들어 왔다가 자리 잡은 거잖아,2
1247,메달 두개 땄던가 옛날에는 아시아 대회 혼자 가서도 두개 세개 따더니,2
1248,베트남에서 온 국민 중에 박항서를 사랑하지 않는 사람이 없다는 거야,2
1249,다가오는 동계 올림픽이라든가 그런 운동선수권대회에서도 좋은 성과를 발휘해야지,2
1250,두번째가 박지성이 히딩크 감독을 만났듯이 코치를 잘 만나야 되는 거지,2
1251,손흥민 같은 경우는 축구도 진짜 잘하잖아  우리 지점장도 경기 다 본다더라고,2
1252,우리나라가 세계 청소년 축구에서 상위 클래스의 실력이더라고,2
1253,그냥  정상적으로 안타를 쳐서 득점을 하면은 그런가 하는데 이게 정상적인 방법이 아니잖아,2
1254,실제로는  만나기 어려울 뿐 더러 어떻게 보면 또 박흥식 감독은 지금 잘하고 있잖아,2
1255,박항서가 베트남 안 갔으면 어떡할 뻔 했어 감독의 재능과 특별한 전술은 없어,2
1256,자기가 가진 실력이 십 이승이잖아 원래 목표를 이십승으로 세웠더라고,3
1257,그런 데 한 번 나가 보면 지더라도 되게 실력이 향상이 되거든,3
1258,드라이브도 잘 맞았다가 또 안 맞았다가 하는데  칠수록 실력이 늘어나나 봐,3
1259,그것도 문제지만  보면은 자전거 타는  있거든,3
1260,그런데 같이 갑시다  같이 가서 연습합시다  이렇게 말한 사람은 아직 없어,3
1261,근데 그렇게 비슷한 실력이 비슷한 사람들끼리 그렇게 치면 좋아 좋지,3
1262,전에는 내 실력에 문제가 있다고 생각하고 하루 종일 연습하기도 했어요,3
1263,그래서 너무 기뻐서 끝나고 거의 한시간씩은 연습을 했던 것 같아,3
1264,클럽마다 몇 미터  몇 미터 다 해 놓고 연습을 엄청 많이 했거든,3
1265,시간을 아무리 친다 해도 느는 게 속도가 반복돼,3
1266,속도를 일정하게 해 주면 거의 삼사미터 차이만 나게 되거나,3
1267,내 실력이 조금씩 느는 거 같지 않아,3
1268,그것도 문제지만 우리집 앞에 보면은 자전거 타는 사람들 있거든,3
1269,한번만 돌아갔으면 얼마나 좋을까 모르겠어 그때는 하루종일 뛰어 놀고,3
1270,처음에 칠 때에는 연습도 하고 그래서 팔십대까지는 칠 수 있었어요,3
1271,그러니까 우리 둘 다 자전거를 사서 운동을 다닌게 제일 좋을 것 같아,3
1272,그러면 우리 둘 다 자전거를 사서 운동을 다니는 게 제일 좋을 것 같아,3
1273,그래서 한번은 다른 사람과 같이 자전거를 타러 갔대  갔는데,3
1274,자기 자전거도 못 끌고 가는 그런 사람들이 엄청 많더라고,3
1275,멈춰도 그냥 해요 그렇게 하루를 시작하니까 또 좋기도 하더라고요,3
1276,그러면 신기하게도 또 잘 쳐져요 근데 문제는 다음 날 가면 잘 안 풀려요,3
1277,근데 연습장 가서도 한시간을 친다면 삼사십분은 어프로치 연습을 해,3
1278,내가 정이나 하고 싶으면 하는 거지 나도 물론 경제 문제에서 망설여지기는 해,3
1279,모든 영법을 다 할 수 있으니까  배영도 연습을 하면 내가 잘 할 수 있겠지,3
1280,그래서 지금 망설이고 있어 배워 보고는 싶은데 돈이나 시간 문제가 있잖아,3
1281,그러신 분들을 은 주로 이제 자전거를 많이 이렇게 타,3
1282,어떤 날에는 어프로치가 좀 안 돼서 까먹고  퍼팅이 안 되기도 하고 그래,3
1283,나는 그건 또 몰랐네 그러면 씽씽이는 면허가 있어야 탈 수 있는 거라고,3
1284,그것도 실력이 없어서 그런가 공을 오는 거를 못 보겠더라 친구는 어때,3
1285,그것도 연습을 좀 많이 해야겠더라고,3
1286,저기 자전거 도로가 잘 돼있으니까  나와 하이킹을 하면 어떨 것 같아,3
1287,자전거 타는  종일 자전거 타고 어디를 갔다 오나 봐 단체로,3
1288,조금씩 실력이 향상이 되고 또 하여튼 열심히 반복해서 해야지,3
1289,물론 집에 있을 수도 있겠지만  하루 그냥 산을 가야겠다고 생각해서 가,3
1290,달리기야 연습하면 되는 것이고  자전거도 탈 줄  알고 수영도 하니까,3
1291,다치고 그래서 자전거는 이제 못 타겠더라 싶었지,3
1292,어프로치가 내가 원하는 대로 딱딱 떨어져 주니까 재미있기는 해서 치는데,3
1293,연습을 조금만 해도  실력이 확 느는 느낌이어서 과감하게 치고 그랬어요,3
1294,아까 그런데  식구가 집에서 운동한다 그랬잖아  우리도 지금은 집에서 자전거 타거든,3
1295,그런데 걷고 나서 샤워를 하고 자면 다음 날 일을 하러 갈 수가 있대,3
1296,한 아홉시부터 시작해서 열두시 전에 끝나는 걸로 알아보자 말만 하지 말고,3
1297,처럼 올라갔다 내려오면  땀이 나는데 하루가 그렇게 뿌듯할 수가 없어,3
1298,자전거 한번 일단 타고 한샘이가 방학 중이니까 걔 시간에 맞춰서 해야 되거든,3
1299,그래서 지금 다음 주에도 시간이 되려나 모르겠다 왜 이렇게 바쁜지 몰라,3
1300,여섯시면 뭐 두시간 세시간 전에 나와서 이제 연습을 해요 타격  뭐든 간에,3
1301,그러다 보니까 아무래도 좀 이게 오래  깊게  넓게 가는 건 좀 문제가 있지 않나 싶어요,3
1302,이제 늘겠지 조금은 그래서 이제 다음에는 나는 그런 생각이 들더라고,3
1303,그러면 거기 일찍 가서 앉아 있을 때 그 선수들 배팅 연습 하는 것도 보고 그러거든요,3
1304,그런데 보면 사람들이 서브 넣을 때 때릴 때도 공이 날라 가고 그러잖아,3
1305,나는 하루에 한 번 씩만 이렇게 잡아주면 실력이 엄청 늘을 것 같은디도,3
1306,왜 그러냐면  사람마다 연습하는 거에서 차이가 나기 때문에 그래요,3
1307,그다음 해 이천 십 팔년도에 그거를 이어서 기세를 갖고 가야 되는데 그러지를 못했어요,3
1308,자기도 모르게 고정되어 있는 지지대를 연습 때 치게 될 거예요,3
1309,아닌가 그게 한 삼학년 땐가  그때 우리가 전혀 안 해 보던 걸 하기가 좀 그렇잖아,3
1310,저도 처음에 한 일년 정도는  연습장에서 살다시피 연습하고 그랬어요,3
1311,어쨌든 그런 문제가 더 바뀌는 게 많잖아,3
1312,지지대가 흔들린다는 것은 연습할 때랑 실전이랑 각도가 달라지는 거예요,3
1313,한 번 나가 보고 싶고 탁구로 그래서 이제 어느 정도 내 실력이 되는지,3
1314,그래서 다음 주부터는 다시 빠지지 말고 열심히 다녀야지 하고 있거든,3
1315,대부분 아이언  드라이브  어프로치  퍼팅 이렇게 네가지를 하는 거야,3
1316,그러면 나하고 한번 시간 내서  자전거를 대여해가지고 남평까지 갔다 오자,3
1317,그런데 내가 그동안 말은 안 했지만 당신을 내가 너무 잘 안다는 게 문제라니까,3
1318,자전거 타는 사람들이 종일 자전거 타고 어디를 갔다 오나 봐 단체로,3
1319,그리고 다음에 나가 보니까  또 몸을 다시 쭉 늘려주는 동작을 하더라고,3
1320,그런 막 여러 가지 문제들이 있지만  위에 있는 분들이 좀 더 제대로 했으면 좋겠어,3
1321,그냥 내 짧은 식견으로는 그런 생각을 하게 되고  어쨌든 그게 한가지 문제잖아요,3
1322,진짜 이거는 진짜 반복해서 횟수가 문제인 거 같애,3
1323,자기도 가까운 거리의 퍼팅 같은 것은 잘하잖아 그러니까 충분히 하는데,3
1324,그럴 수도 있는데  어쨌든 그거는 좀 아닌 거 같고  좀 인성에 문제가 있는 것 같아,3
1325,지금 내가 배우면 실력대로 하는 것이겠지만  어떻게 하는지도 잘 모르잖아,3
1326,그다음해 이천 십팔년도에 그거를 이어서 기세를 갖고 가야 되는데  그렇지를 못했어요,3
1327,그리고 자기가 연습장에 가서 얼마나 하는지는 모르겠지만,3
1328,아차산은 근데 하나 또 문제가 있는 게 거기가 가다 보면 죄다 시멘트 길이잖아,3
1329,다음에는 한 번 시합도 한 번 나가 나갈 수 있으면 좋겠어 진짜,3
1330,근데 시간도 많이 있어야 되고 특히 돈이 많이 들어가는 거라서 그런가,3
1331,그게 잘 들어가던데 빽 서브 넣는데,3
1332,우리 집에도 자전거 타는 사람 한사람 있잖아 어제도 타러 간다고 하는 거야,3
1333,그러고 다음에 나가 보니까 또 몸을 다 쭉 늘려주는 동작을 하더라고,3
1334,한번 찾아보니까 온라인이 더 저렴하긴 한데 시간이 더 걸리는 게 문제야,3
1335,우리가 가봤던 데가 많기 때문에  일단은 하루에 두군데만 다닐 계획이야,3
1336,그래스 너무 기뻐서 끝나고 그이 한시간씩은 연습을 했던 것 같아,3
1337,근데 다음 주에 또 차를 뽑으려고 그러거든 어제 결국 결정은 못 했어,3
1338,그다음에는 둘레길 열심히 걷고  자연도 좀 보고 바닷길도 좀 걷고 그래,3
1339,네가 아까 선창에서 자전거를 대여해서  그곳에서 운동 한다고 그랬잖아,3
1340,그렇게 한번 해 보고  저 곡성에도 자전거로 운동할 수 있는 데가 있더라고,3
1341,요즘 애들이 막 그 공유로 타는 자전거도 아무데서나 탈 수가 있는 건가,3
1342,근데 그때 그거 가격이 백 오십만원이든가 그렇게 시작하는 것부터  많더라고,3
1343,그리고 시작부터 꼭 그 사람들하고 같이 할 필요는 없지 일단 연습부터 해 봐,3
1344,솔직히 하루 종일 치고 나서  집에 들어가서 체중을 재보면 빠져있더라고,3
1345,그러면 기하게도 또 잘 쳐져요 근데 문제는 다음 날 가면 잘 안 풀려요,3
1346,근데 자전거는 요즘 너무 더우니까 좀 뒤로 미루더라도 그거는 좀 하고 싶더라고,3
1347,근데 빽 서브하고 빽 서브만 넣으면 안 되겠어라고 화서브도 넣고,3
1348,너처럼 나도 하루를 조금 더 부지런하게 살면서 보람을 느끼고 싶어,3
1349,예전에는 내 실력에 문제가 있다고 생각하고 하루 종일 연습하기도 했어요,3
1350,물론 실력이 안 돼서 그런 길 못 갔지만  또 자녀들이 야구장에서 꿈을 키울 수도 있잖아요,3
1351,진짜 시합을 할 때 빽 서브도 좋지만 화 서브도 놓고 그치,3
1352,그날 해야할 일을 안 한 것 같은 느낌까지 들고 찝찝한 기분이 들어,3
1353,근데 자전거도 못 할 것 같은 느낌이라 이제 곧 어지럽고 이러면은 못 타잖아,3
1354,굉장히 기분 나쁠 수 있는 문제더라고  그거 기사 읽어 본 적 있어,3
1355,자전거 사는 것보다  대여해서 운동 기회를 마련하는 게 바람직한 것 같아,3
1356,그러니 시작을 해봐도 좋을 것 같은 생각이 들긴 하네 맞아 자전거 있지,3
1357,우리 다음 주 월요일 날 제주도 가려면  미리 운동 좀 해야 되는 거 아니야,3
1358,그 친구가 자전거 타잖아 자전거 복장을 다 준비하고 타는데,3
1359,다음에 연습장에 같이 가면 내가 하는 방법을 한번 가르쳐 줄게,3
1360,저는 이상하게 어렸을 때부터 단체로 같이 하고 이러는 게 잘 안되더라고요,3
1361,하루에 십분씩이라도 매일 같이 우리 집에서 홈플러스까지 갔다 오고,3
1362,둘이 한 번 나가 보자고 가을에 안 되면 내년에라도 한 번 열심히 운 연습을 하자,3
1363,왜 이 동작이 마음처럼 안 되는지  정말 될 때까지 미련하게 연습했어요,3
1364,근데 내가 당신을 너무 잘 안다는 게 문제야 지금까지 삼십년 넘게 같이 살았잖아,3
1365,공이 종점에서 딱 거기 있을 때 때리니까 잘 들어가더라고,3
1366,그런데 그런 사람은 보통 타고난 체질도 있거든  타고 난 체질,3
1367,어쨌든 그런 문제가 발생되기는 했지만  오히려 그 선수로 인해서 더 바뀌는 게 많잖아,3
1368,그다음에 승용차를 이용하기보다는 버스를 활용하면서 출퇴근을 하고요,3
1369,그렇게 됐는데 이제 하다 보면 이제 게임도 많이 하고 연습도 하잖아,3
1370,건대 연습장 가서도 한시간을 친다면 삼사십분은 어프로치 연습을 해,3
1371,그렇긴 한데 홈런볼을 제가 많이 못 주워보고 파울볼만 주우러 다니고 그랬었거든요,3
1372,헬스장에 가서 운동하고 씻고 보면 보람찬 하루가 지나갔다 싶은데,3
1373,그런데 그렇게 하고 나면 몸이 개운한데  바빠서 하루 거르면,3
1374,건강을 챙기다 보니까 하루에 한 삼십분씩 한시간씩 자전거를 타,3
1375,에이스에서 한 번 치자고 들어오라고 해도 내가 잘 안 들어가는 편이거든요,3
1376,우리 같은 사람들은 평일이 좋지  주말에는 이십 오륙만원이  들어가더라고,3
1377,자네는 항상 퇴근하면 힘드니까 에어로빅하고  스쿼시하고  자전거 타고 하잖아,3
1378,나는 뒷감당을 못 한다는 게 문제야 경제 문제는 아까 당신이 얘기했잖아,3
1379,한데 홈런볼을 제가 많이 못 주워보고 파울볼만 주우러 다니고 그랬었거든요  ,3
1380,그러니까 잠영 비슷하게 들어가는 스타트 연습을 많이 했는데,3
1381,큰 도움이 되지 레슨받는 게 그러니까 오래 친 사람들도 계속 연습하면서도,3
1382,줌바 그 다음에 스쿼시 그 다음에 이제 수영인데 사실 일 순위는 자전거지,3
1383,불운도 있고 코치 문제도 있었지만 그래도 얼마나 잘 하는지 모르겠어,3
1384,나는 그날 한라산을 등반 하려고 하는데  너희들이 등반할 지 모르겠다,3
1385,무엇으로 했냐하면  처음에 스타트 하는 것 있잖아 물 속에 깊이 들어가는 것,3
1386,하지만 작심삼일을 계속 반복하다 보면 요가 같은 경우  몸이 적응을 하겠지,3
1387,하루에 한두시간씩 계속했는데 에도 실력이 이전이랑 별 차이가 없었어요,3
1388,속도가 조금 늦은 것 같아  예전보다 끝나고 나서 따로 연습도 했지,3
1389,아니면 동호회 들어가서 같이 쳐도 되고 시간에 얽매이지 않을 수 있잖아,3
1390,문제는 탁구 치면 땀이 많이 나는데  사워할 데가 없다는 그런 단점이 있지,3
1391,그러긴 한데  홈런볼을 제가 많이 못 주워보고 파울볼만 주으러 다니고 그랬었거든요,3
1392,그다음에 가장 필요한 거부터 하나 딱 장만을 해서 일단은 배우는 거야,3
1393,줌바  그다음엔 스쿼시 이제 수영이 그다음인데 사실 일순위는 자전거지,3
1394,그래서 그걸 가지고 퍼팅 연습을 했던 것 같고  어프로치는 뭐 그냥 했어,3
1395,등산처럼 올라갔다 내려오면  땀이 나는데 하루가 그렇게 뿌듯할 수가 없어,3
1396,그래서 비용 문제가 있어서 망설이고 있지 꼭 배우고 싶기는 하거든,3
1397,여섯시 반까지는 충분히 가지 그날 회비 갖고 갈 건데  그때 보면 되지 ,3
1398,그래서 얼마 전에 제가 하루 종일 연습해보니까  그걸 깨닫게 되더라고요,3
1399,어프로치 연습을 굉장히 많이 하는 편이야 그래서 밖에 나가서 치면,3
1400,자전거는 면허가 없어도 되고 아 전기 자전거도 면허가 없어도 되는 거야,3
1401,어제 탁구 시합할 때 그 빽 서브 넣을 때 그렇게 연습을 안 하고 하니까,3
1402,골프 치는 사람들은 그 목표를 달성해도 다음 목표를 향해서 가는 것 같아요,3
1403,자전거 타는 길도 잘 돼 있긴 한데 왕숙천 쪽으로 좀 벗어나야 되니까 좀 그렇지,3
1404,엄청 위험하게 다니잖아 학생들이 많이 타기는 타는데 자전거도 위험한 편이지,3
1405,드라이브는 마지막에 한 십분 그렇게 하고 오지 한시간 동안에,3
1406,우리 때는 쉬운 자전거 타는 것을 가르치는 학원이 있었는데,3
1407,옛날로 한번만 돌아갔으면 얼마나 좋을까 모르겠어 그때는 하루종일 뛰어놀고,3
1408,근데 이제 문제가 이제 집이 가까우면 그걸 놓고 다니면 되는데 거리가 좀 있잖아,3
1409,그게 작심삼일이라서 하루 이틀하고 말거란 말이지 그러면 돈이 아깝잖아,3
1410,아무튼 연습도 하고 그리고 보면 한번씩 좀 일찍 야구장으로 가야 될 경우가 있어요,3
1411,나운드 도는데 시간이 많이 걸리고  끝나고 나서 사교의 시간을 갖다 보면,3
1412,그 다음에는 헬스장을 가야 되는데 여건이 안 맞으면 동동대고,3
1413,그런데 연습을 한시간 정도 하면서 교정을 하니까 머리가 안 돌아가,3
1414,스피닝 타고 웃고 샤워하고  그러면 하루 일과동안 쌓인 피로가 싹 가시니까,3
1415,나는 그거 좀 문제라고 생각해 애들 재능을 떠나써 그거는 부모 욕심이잖아,3
1416,대신 이제 걷기는 내가 하루에 한시간씩 꼭 하려고 노력 할 거야,3
1417,그래서 일단 운동장을 돌면서 걷는 연습을 한 한 뒤  보문산도 도전을 해봐야겠다,3
1418,나와 시작 시기는 비슷하네 삼학년 이삼학년 그때 시작한 것 같은데,3
1419,결국 다음 주에 또 차를 뽑으려고 그러거든 어제 결국 결정은 못 했어,3
1420,그래서 나도 방금 그 자전거에 대해서 자세히 한번 이야기를 해보려고 했어,3
1421,자네는 우리나라 축구 선수들을 이렇게 보면 어떤 생각이 드는가,2
1422,그래서 내 생각에는 우리나라가 어린 선수들을 빨리 성장시키고 했으면 좋겠어,2
1423,그리고 선수들이 열심히 하니까 우리나라 축구도 앞으로 많이 발전하겠더라고,2
1424,우리나라 축구를 보면 실제로 안 뛰어도  보는 것만으로 운동을 한 것 같아,2
1425,걔네들이 또 우리나라에 돈을 많이 벌어다 갖다 주는 것 같거든,2
1426,우리나라 사람들 보면 그렇게 보여주기식으로 하는 사람이 많거든,2
1427,지금 세계 일위가 우리나라더라고  박성현이라는 선수가 계속 일 위를 하고 있던데,2
1428,그걸 보면 이 사람들이 있기 때문에 우리 나라 한국이 이름을 떨친 거 아닌가 싶기도 해,2
1429,우리나라 이 작은 땅에서 어떻게 저렇게 멋지고 유능한 선수들이 나올까,2
1430,안 그래도 그 골프 선수가 하는 말이 힘으로 하면 절대 안 되고,2
1431,근데 우리나라 골프가 여자들만 잘하는 것 같지 남자들은 아직인 것 같아,2
1432,내가 이걸 들어야 세계적인 선수가 될 수 있다고 생각하며 운동을 했대,2
1433,근데 이 사람도 참 이렇게 인기가 많고 우리나라 사람들도 엄청 좋아했었잖아,2
1434,그래서 우리나라 골프도 선수들이 국위 선양을 많이 하는구나 싶더라고,2
1435,우리 한국이 세계적으로 쇼트트랙을 잡고 있지 않은가 그런 생각도 들어,2
1436,우리는 엘리트 체육이니까  사람을 뽑아서 다른 것보다 운동만 시키는 거야,2
1437,우리나라가 살기 너무 좋고  스포츠에대한 것도 편리하게 되어 있어,2
1438,차범근 씨부터 시작해 갖고 박지성이라든가 잘 하는 사람이 꾸준히 있었잖아,2
1439,그래서 사람들이 몇천명 소송 들어가 있대 나라도 그렇게 했을 거 같아,2
1440,생각하는 것  그래서  내가 원래 축구는 별로 좋아하진 않았거든,2
1441,그러니까 아무래도 잘할 수밖에 없어 그래서 박세리도 부모님이 골프만 시켰대,2
1442,항상 그 사진을 보면  진짜 축구를 하는 사람들은 몸매도 엄청 좋은 것 같아,2
1443,지금 손흥민이 세계에서 상위 몇 번째 안에 드는 선수라고도 그러잖아,2
1444,우리나라 지도자들이 외국 선수들을 가르칠 정도까지 되니까 아주 대단하지,2
1445,이 사람들을 보면 한국이 작지만 스포츠에서는 아주 큰 나라가 될 수 있겠고,2
1446,그런 광경을 볼 때 정말 우리 축구가 앞으로 세계 정상에 설 수 있겠다 싶고,2
1447,우리나라 사람들이 호날두를 워낙에 좋아하고 메시도 참 좋아했었잖아,2
1448,그것도 나는  이제 세계에 나가서 발휘하는 거지,2
1449,근데 당신이 너무 좋아해 너무 스포츠 선수들에 몰입해서 있어가지고 좀 그래,2
1450,우리나라는 앞으로 발전할 수 있는 기회가 많이 있다고 생각을 하거든,2
1451,또 그 베테랑 선수들이 자기 역할을 생각보다 그렇게 많이 못 해줬다는 생각이 들더라고요,2
1452,거기다  나름대로 또 완봉승도 할 수 있는데 그걸 어떻게 하냐는 거야,2
1453,내가 축구를 그렇게 막 좋아하지는 않지만  외국 사람들이 그 바다를 엄청 좋아하더라고,2
1454,그런 모습을 보면서  앞으로 또 우리 축구가 굉장히 큰 힘이 되겠구나 싶었어요,2
1455,그래서 계속 나오지 않나 생각이 들고  어쨌든 영 선수로 인해서 느낀 점이 많아,2
1456,그런데 우리나라는 보면 확실히 스포츠에서는 여자들이 더 잘 하는 것 같아,2
1457,어쨌든 그런 바른 생각을 갖고 있기 때문에  어떠한 상황에서도 멋지게 성장한 거지,2
1458,우리나라 사람들이 이렇게 좋아하는데  이런 행동을 했다는 것 자체가 이해가 안 가,2
1459,팔십 대 정도로 나오면  우리가 선수를 할 것은 아니니까 좋을 것 같아,2
1460,앞으로 젊은 사람들끼리 동호회도 만들고 운동도 하고 관계도 갖고 해야지,2
1461, 나가는 선수였는데 그런데 ,2
1462,전북 현대에서 뛰다가 중국으로 간 축구 선수가 누구였지 키가 엄청 컸었어,2
1463,그렇게 못하는 나라는 우리나라 처음 봤네 육십 사대 영이라고 하데,2
1464,그리고 산을 타기 시작했을 때는 나는 발전했어,2
1465,그냥 일반적으로 안 나오고 그냥 가버렸다는 건   우릴 무시한 거지,2
1466,티브이나 방송에서 보여주는 것을 보며 스포츠 종류가 많아졌구나 생각하는데,2
1467,배구도 다른 나라하고 비교했을 때 상당히 높은 점수를 얻고 있더라고,2
1468,유도도 그런 것 같아서 남자들이 좀 더 분발해야 되겠다 그런 생각이 들었어,2
1469,어라 근데 저기 지나가는 사람 한명 저기 씽씽이 타고 인도로 훅 지나갔다,2
1470,축구는 더 말할 것도 없지 골프도 보면 우리가 아이엠에프 때 힘들었잖아,2
1471,참 생각해보면 손흥민도 우리나라를 위해서 경기를 열심히 뛰는 사람이야,2
1472,그니까 우리 인자 슬기 오라버니가 좀 여자들한테는 좀 부담 없이 해,2
1473,그래서 누구는 아예 호날두 나오는 경기를 보지도 않는다더라고 열성팬이었는데,2
1474,그리고 그게 작은 공으로 하는 스포츠지만 라켓 하나로 세계를 제패할 수 있잖아,2
1475,난 그러니까 저 사람이 정말 열심히 노력해서 번 돈으로 즐긴다는 모습이 좋거든,2
1476,우리 축구 팬들은 당연히 걔가 나오면 필드에서 뛰는 걸 봐야지 했는데,2
1477,지금은 그렇지 않은데  그 당시에는 캐디들한테 팁으로 얼마를 줬어요,2
1478,그래서 내가 운동한다고 생각을 하고 어떻게 보면 경기에 이임을 하는 거지,2
1479,내가 한국 무용하기 전에 매일 걷는 운동을 했는데 갑자기 하니까,2
1480,그래서 꾸준히 노력을 한다면 또 그런 세계적인 선수들 대열에 끼지 않을까 싶어,2
1481,잘해 주고 매너 좋고  그런 사진이 인터넷에 여러 번 ,2
1482,나도 축구를 많이 보진 않아 그런데  보니까 좀 남다르긴 다르더라,2
1483,하여튼 참 안 좋아 솔찌기 나도 호날두 팬이었거든 나뿐만이 아니라 많이들 그렇겠지,2
1484,나는 나래 선수를 되게 좋아하는데 그 이유가 그 왜 운동선수들은 문신 많이 하잖아,2
1485,이렇게 뭐 또 티셔츠 서로 바꿔 입고 이러는 게 되게 축구에선 일종의 자존심이잖아,2
1486,당신도 옛날에 축구 못 한 꿈이 있잖아 그래서 애들한테 시키고 싶어 하는 거잖아,2
1487,집에 턱걸이를 만들어 놓고 지나갈 때마다 매달려서 지나가고 턱걸이도 하고,2
1488,한국도 옛날엔 못 먹고 사니까 못 하겠는데 지금 또 스포츠를 하려는 애들이 없대,2
1489,그렇다면 나는 고참 선수로서 모범을 더 보여주어야 된다고 생각되거든,2
1490,방송으로 그런 걸 보면 나는 류현진이 정말 대단하다고 생각하게 돼요,2
1491,해 본 사람들은 그렇지  많지 않아 그러니까 이번에 메달도 못 따잖아,2
1492,아무튼 그렇게 생각을 하고 이제 나머지 선수들도 좀 분발했으면 좋겠다는 생각이 들어,2
1493,티비나 방송에서 보여주는 것을 보며 스포츠 종류가 많아졌구나 생각하는데,2
1494, 때 되면 위 아랫마을 나눠서 경기를 하면 동네 사람들 다 나와서,2
1495,손흥민이 이렇다 호날두하고 비교된다 하는 것 보니까  보기 좋더라고,2
1496,그러고 한 육칠년 뒤에 다시 중국에 가서 골프를 치고 이번에도 팁을 안 줬어요,2
1497,그런데 이용규가 계약까지 다 맞추고 나서 시즌 못 한다고 입장을 바꿨잖아,2
1498,나도 그거 봤는데 다른 나라들은 어쨌든 보통 그런 게 주 종목인 경우가 많잖아,2
1499,그냥 티비 보면서도 아령 갖다 이렇게 운동하셔요 이렇게 하시면 돼,2
1500,그렇게 열심히 노력을 해서 또 유능한 감독이 돼서 이름을 떨친 거겠지,2
1501,골프 치려면은 또 돈이 많아야 되는데  한국에 돈 많은 사람이 되게 많은가 보다  싶기도 해,2
1502,전에 우리 수영선수권 대회 가서 더워서 혼났네 선수들이 수구를 하는데,2
1503,그래서 외국 나가서  운동 하는 건 좀 어려운데 그래도 여행이 너무 밋밋하면 좀 그렇잖아,2
1504,막대기를 쳐서 멀리 보내는 것이 발전이 되어서 골프가 되었고,2
1505,세계적으로 프로 축구를 많이들 하니까 우리나라도 프로 축구가 많이 발전됐지,2
1506,어떻게 보면 우리나라라는 나라 자체를 무시하는 형태가 아니야,2
1507,그것 때문에 지금 한국 계약한 쪽이랑 호날두랑  소송 중이라고 하더라고,2
1508,하지만 남자들 같은 경우는 세계적으로 워낙 유명한 선수들이 많이 있잖아,2
1509,그런 얼굴이 골키퍼로서 되게 자신감이 있는 것 같고  그 생각 자체도 되게 바른 것 같아,2
1510,나이 많이 먹어 갖고 남자들은 팔십도 넘더라구,2
1511,티비 뭐 뉴스 보시면서도 아령 이런 거 들고 간단한 운동이라도 하셔요,2
1512,이번에 메인 선수도 올라왔는데 아주 잘하고 있더라 아까 오전에 봤거든,2
1513,필드에 나가서 공이 안 맞는 것 같으면  지지대가 흐트러졌다는 것을 뜻하는 거지,2
1514,앞으로는 우리 한국도 이 스포츠 강국의 대열에 서지 않을까 생각이 드네,2
1515,우리나라가 힘이 없으니까 선수들에게도 차별받는 무시당한 느낌도 들었어,2
1516,우리가 필드에 나가면  표적이 멀리 있어서 생각보다 쉽지 않겠다는 생각이 들어,2
1517,그래서 그런 걸 볼 때 코치나 감독이 여자 선수들을 함부로 못 했으면 좋겠어,2
1518,그리고 자네가 아까 얘기한 베트남도 작은 나라지만 박항서 감독이 이끌었잖아,2
1519,그때부터 이제 축구를 할 수 있는 역량이 돼서 세계적인 이런 스타가 됐다고 하더라고,2
1520,남자들은 아직까지 세계 정상권에 도전도 못 해 보는 것 같더라고,2
1521,온 국민이 실망에 빠져 있다가 골프 거기에서 우승을 딱 할 때의 함성이 있지,2
1522,그래서 티비도 많이 보고 영어도 배워보고 하는데  막상 어디 가서 하기 힘들더라고,2
1523,외국 선수인지 외국 사람인가  한국 사람 운동복 얘기를 했을 거야,2
1524,그런  되게 자신감이 그 생각 자체도 되게 바른 것 같아,2
1525,옛날에는 우리가 이런 모습들을 감히 상상이나 해 볼 수 있었겠냐고,2
1526,이번 몇 미터 에스를 이만큼 들면 몇 미터  다 정해 놓은 거야,2
1527,그래서 서로 이름도 불러주고  이 나이에 어디 가서 이름을 부르겠어,2
1528,나이 먹어 갖고 덥기나 하고  가지도 못하겠다고 티비나 보면서 이야기하고 살아,2
1529,축구나 야구를 경기로 보려고 하면  처음부터 경기를 다 보고 있어야 되는 거야,2
1530,배구 농구 축구 탁구 잘하지는 못했는데  그럭저럭 어느 정도는 할 만큼 했어,2
1531,환경적으로 삼박자가 다 맞아 떨어져서  지금의 박지성이 나왔던 거야,2
1532,인성도 좋아야 하고  기본 매너도 갖춰야 되겠구나 하는 생각이 들어,2
1533,골프를 빼 놓을 수 없는 게 여자 선수들이 미국에 가 가지고 우승을 많이 하잖아,2
1534,베트남이나 뭐 다낭 이런데 가려고 하면 그쪽에서도 뭐 레저 같은 걸 찾아봐야지,2
1535,아까  야구를 비롯해서 축구  배구 그리고 쇼트트랙 얘기를 했잖아,2
1536,우리 동네도 요즘 많이 발전이 되어서  저녁에 찾아가는 마을평생이라고,2
1537,거기다 류현진은 나름대로 또 완봉승도 할 수 있는데 그걸 어떻게 하냐는 거야,2
1538,다만 경기를 한여름에 하니까 관객들이 엄청 힘들어 하더라고,2
1539,구 대회에 같은 데 한 번 시합도 생각이 들더라고,2
1540,우리가 골프도 얘기했으니까 우리나라가 제일 잘하는 양궁 한번 이야기해보자,2
1541,아주 우리나라 축구나 배구 발전에 선수들이 상당히 기여를 하고 있어,2
1542,근데 박항서를 보니까 젊었을 때부터 자기가 얼마나 열심히 공부했는지 모른대,2
1543,히딩크도 마찬가지고 스타가 되기 힘들지만  삼박자가 맞아야 된다는 거지,2
1544,그 운동을 했었는데 되게 재밌었거든 갑자기 이름이 생각이 안 나네 암튼,2
1545,우리 주변만 봐도 벌써 광주에 쓸만한 산은 전부 다 골프장으로 개발돼 있잖아,2
1546,여자끼리 하면 공이 오는 게 틀리거든 친구는 틀리더라고,2
1547,끊었다가 다시 시작한 지 얼마 안 됐는데  이제는 어떻게 할지 알 것 같아요,2
1548,지금 생각하면 옛날에 간단하게 놀던 놀이가 지금까지 발전이 되어서,2
1549,우리나라는 스포츠에 대한 근성이 있다니까  그래서 어쨌든 이번에 수영 대회가 개최됐잖아,2
1550,그것도 나는 많이 느끼기는 했는데  그만큼 이제 세계에 나가서 발휘하는 거지,2
1551,외국에 나가서 그렇게 운동하면서 멋지게 성장하는 게 되게 부럽고 대견하더라고,2
1552,그게 잘못된 게 아니라  우리나라에 스포츠 스타를 키우는 게 힘들다는 거야,2
1553,그리고 나는 감독 바꾸자는 이야기하는 우리 팬들 보면 좀 안타까운 거야,2
1554,작년이랑 비교를 해보니까  리듬이랑 타이밍이 너무 들쭉날쭉 했던 것 같아,2
1555,내 생각에 약속된 플레이가 있는 것 같아 근데 우리나라 축구는 그게 없어,2
1556,다른 선수 지금 이름이 기억이 안 나는데 올림픽에서 우승도 하고 그랬잖아,2
1557,숫자를 헤아려 가면서 몇 번 푸시업도 하고 그러고 쇼파에 앉아서 티비도 보고,2
1558,그리고 덕분에 우리나라 위상이 좀 올라가고 그러잖아 자네 요즘 건강은 어때,2
1559,내 주변에 한별이나 나래는 나한테 같이 해보자는 얘기를 자주 했거든,2
1560,최근에는 또 골프도 이렇게 요즘 내 생각에는 한국 골프가 되게 대세인 거 같더라,2
1561,먼저번에  축구할 때 티비에 뭐였더라 요번에 누구 축구 선수 나왔잖아,2
1562,이상하게 스포츠는 하루하루가 다르게 발전이 많이 되더라고,2
1563,이번에 출국하는 거보니까  손흥민한테 주위 사람들이 엄청나게 모이더라고,2
1564,최근엔 여기 광주에서 세계 수영 선수권 대회도 개최되고 했잖아,2
1565,근데 내가 볼 때는 아주 남자보다 더 건강한 것 같고 기운도 엄청 쎄 보여,2
1566,요가 같은 것이랑 나랑 같이 다니면서 좀 하지 남자들도 하면 그게 좋아,2
1567,아직은 일에 집중해야 한다고 생각을 했는데 이번에 겪어보니까 아니더라,2
1568,나도 사람들이 많이 늘었다고 대회 한번 다 나가보는걸 추천하시더라고,2
1569,그동안  안 했구나  호흡이 중요하구나라는 생각은 드는데,2
1570,나는 걷는 것을 너무 좋아해서 한국 무용하기 전에 저녁 되면,2
1571,그리고 수영하면 박태환 선수가 있지 우리나라가 수영에서 성적이 저조했거든,2
1572,우리가 티비에서 이름을 거론할 정도의 사람들은 저렇게까지 하려면,2
1573,내가 보기에 수영대회는 그래 저쪽 응원 간 사람들 더워서 죽겠다고 하네,2
1574,양궁에서도 그렇고  골프에서도 그렇고 태권도도 여자들이 잘 하더라고,2
1575,근데 잘 치더라고 여자들도 좀 한 사람들 건강한 사람들 팔십 넘더라고,2
1576,우리 아파트 단지에만 나가서 그냥 쫄쫄 끌고 다녀도 바람부터 일단 넣어야겠어,2
1577, 얘기도 하고 방송 프로그램에도 좀 나오고 엄마 기억에 그때 뭐에 나왔더라,2
1578,그런데 지금 박성현 선수처럼 이렇게 세계를 움직이는 것도 한국 여자 골프 선수들이더라고,2
1579,그래서 결국에는 보면 야 이게 한국 사람들이 끈기와 지구력이 정말 대단한 것 같더라,2
1580,감탄을 금치 못할 이야기도 나오고 그래 또 나는 축구에 대해 얘기하고 싶네,2
1581,전 국민이 자네 말대로 한국이라고 그러면 박항서를 으뜸으로 생각해,2
1582,테니스를 친다든지 축구를 한다든지 이런 것들은 이상하게 잘 안 되더라고요,2
1583,그동안 운동을 안 했구나 호흡이 중요하구나라는 생각은 드는데,2
1584,요새 손흥민 중계에 잘 안 나오더라 연봉은 어떻게 잘 올라갔나 모르겠다,2
1585,그다음에 여러 후배 선수들이 차범근 씨로 인해서 많이 나왔잖아,2
1586,아무튼 존경하는 선수가 다솜이라고 하던데  그 한샘과 경기하면서 이렇게 얘기하더라고,2
1587,사인도 잘해 주고 매너 좋고 그런 사진이 인터넷에 여러 번 올라오더라고,2
1588,무슨 대회더라 유 이십 맞아 유 이십 좀 젊은 친구들 나오는 대회,2
1589,그 선수가 예전에 티비에 축구 가르치는 프로그램 거기에 나왔었더라고,2
1590,우리나라 최고의 골프선수였던 박세리 같은 경우도  매번 일등을 한 건 아니잖아,2
1591,지금 대한민국의 스포츠를 잠깐 이야기를 하잖아 그러면 개선할 부분이 많아,2
1592,엄마 생각에는 올림픽을 안 하면 우리나라 선수들이 여태 그걸 위해서 노력했잖아,2
1593,그게 참 대단해 근데 우리가 사실 고등학교 때 야구 글러브까지 샀었는데,1
1594,야구는 그 아픈 추억 때문에  지금은 안 해  나랑은 맞지 않는 것 같으니까,1
1595,보면은 그래서 저도 이제 야구를 꾸준하게 보고 있고 물론 다른 종목도 많이 보거든요,1
1596,야구를 통해서 뭐 또 야구만을 했지만 그 인생을 참 잘 살았다 라는 생각이 들더라고요,1
1597, 딱 갖는 거기에서 이제 프로야구가 상당히 우리에게 기여를 했다고 봐야죠,1
1598,그랬구나 요즘 사람들이 야구에 관심이 많잖아 그런데 난 야구를 안 봐,1
1599,자네가 야구에 대한 관심이 많다 보니까 나도 요즘에 야구를 조금 보게 돼,1
1600,당신이 야구 좋아하는 거 알지 나도 좋아해 근데 너무 거기에만 집중하는 것 같아,1
1601,야구를 좋아하는  자기가 좋아하는 팀의 경기를 추억하는 거니까,1
1602,내가 자네가 야구를 상당히 좋아한다고 알고 있는데 야구 얘기를 해 보자고,1
1603,큰 애는 어렸을 때부터 야구를 좋아해서  키가 자기보다 큰 야구 방망이를 들고,1
1604,덕분에 아주 좋네 근데 자네가 야구에 관심이 많다 보니까 나도 보게 돼,1
1605,아무튼 모쪼록 이제 프로야구가 예전처럼 다시 많은 관중이 들어올 수 있도록 하면 좋겠거든,1
1606,야구를 하면서 또 일반인들에게도 꿈과 희망을 주고 그 어떤 스트레스를 풀게 해줬잖아,1
1607, 물론 양현종 선수는 잘하고 있지만 야구라는 게 혼자 이끌어나갈 수가 없으니까 말이야,1
1608,좀 원정이든  홈 선수든 좋아하는 야구선수는 다들 있으니까 그래서 그렇게 하는 거지,1
1609,어쨌든 그 정도로 이제 하는데 지금은 이제 관중들이 그래도 많이 오고 있잖아요,1
1610,그것도 되게 좋고 어쨌든 그런 거지 뭐 또 최근에는 골프도 많이 뜨는 것 같더라고,1
1611,아무튼 요즘  열심히 야구를  즐겁게 잘 보고 있는 팬 중의 한사람입니다,1
1612,골프 프로그램 보면서 스포츠 야구도 보고 안 치더라도 보면 지루하지 않아,1
1613,저한테도  정서상의 어떤 그런 부분에도 많은 기여를 했다고 생각을 하고 있어요,1
1614,어뜬 쪽이 좋은지는 모르겠어 요즘 특별히 관심  종목 있어,1
1615,그래서 조금은 내려놓고 했으면 좋겠다는 거고 아까 또 야구 얘기 했잖아,1
1616,그리고 주로 내가 직접 하기보다도  구경하는 것을 좋아하는 편이지,1
1617,골프  보면서 스포츠 야구도 보고 안 치더라도 보면 지루하지 않아,1
1618,스포츠 하는 것을 좋아하고 봤기 때문에 그중에서 특히 프로야구를 좋아하는 거거든요,1
1619,더운데 땀 흘려 가면서 열심히 야구를 관람하는 사람들 보면 참 대단한 것 같아,1
1620,그래 갖고 좀 희망도 주고 재미도 주고 그렇게 하면 어떨까 하는 그런 바람이 있어 나는,1
1621,그래서 또 이런 데도 관심을 가져야 되나 그런 생각이 문득 들더라고,1
1622,특히 프로야구를 많이 좋아하는 그런 편인데 요즘 들어서는 계속 재미가 없더라고요,1
1623, 다닐 때는 야구를 진짜 좋아했었어  야구 선수들 이름도 다 외우고,1
1624,근데 요즘 아예 관심 자체가 멀어져 버린 게  그만큼 이제 야구를 보다 보면 화가 난단 거지,1
1625,그때는 막 야구를 처음 했든 시기라 부상에 대해선 전혀 몰랐어,1
1626,그래서 야구를 좋아하는 팬들이 조금 많이 떠났다고나 할까요 이제는 그런 것 같아요,1
1627,정서적으로 그런 부분을 많이 기여를 해 줬다고 볼 수 있고 저도 이제 어렸을 때부터 그랬거든요,1
1628,그때는 운동을  야구를 처음 했던 시기라  대해선 전혀 몰랐어,1
1629,광주가 오위 안에 들어서 가을 야구를 구경갈 수 있게 되면 좋겠네,1
1630,큰 애는 어렸을  야구를 좋아해서  키가 자기보다 큰 야구 빵망이를 들고,1
1631,칠십살 전까지 해외를 많이 다녔던 게  인생을 참 잘 보냈다는 생각이 들어,1
1632,사람들이 야구 얘기를 많이 해  어디 가면 야구  같이 식당에 가도 야구,1
1633,근데 애나 어른 다 할 것 없이 그걸 무서워하지 않고 야구에 대한 집념으로 그걸 잡더라고요,1
1634,기다려서 이제 보기도 하고 실제로 이제 야구를 하면 여름 같은 경우엔 또 여섯시에 하잖아,1
1635,그래서 경기 도중에 너무 떨리니까  나도 모르게 밑으로 주저 앉게 되더라고요,1
1636,그래서 야구를 좋아하는 팬들이 조금 많이 떠났다고나 할까요 요즘 그런 것 같아요,1
1637,그 말을 들으니까 진짜 용기가 나는데  프로가 그렇게 말을 하기도 했고,1
1638,그런데 내가 걷는 것을 좋아하니까   펭지를 선호하지,1
1639,그래서 결과 보고 하다 보면 전반기 후반기 해서 일년이 금방 지나가 버린 것 같아요,1
1640,나도 엊그제 야구 중계를 시청했는데  양현종이 팔년 만에 완봉승을 했어,1
1641,그러니까 그런 정신을 가지고 많이들 사는 것 같고  선수들 인터뷰도 그래,1
1642,나는 청소년 때 운동을 진짜로 많이 했어  그때 특히 구기 종목을 좋아해서,1
1643,그래서 일반인들하고 얘기를 하다 보면 이해를 못 하는 부분이 많이 있어,1
1644,나는  운동을 진짜로 많이 했어 그때 특히 구기 종목을 좋아해서,1
1645,그때는 막 운동을 막 야구를 처음 했던 시기라  부상에 대해선 전혀 몰랐어,1
1646,너도 알다시피 다른 분야에 관심 가질 틈 없이 나는 계속 일만 해왔잖아,1
1647,어떤 쪽이 좋은지는 모르겠어 요즘 특별히 관심 가지고 있는 종목 있어,1
1648,자네 말대로 프로야 어쨌든 그런 걸 인식을 해서 항상 조절을 해야 되잖아,1
1649,아까 전에 지지대에 대해서 얘기 나눴던 거  사실은 저도 그걸 최근에 깨달았어요,1
1650,아까 얘기하다 보니까 옛날에 야구하다가 다쳤다고 그랬잖아,1
1651,그런데 산보다는 내가 걷는 것을 좋아하니까  산보다는 평지를 선호하지,1
1652,그래서 한번 유심히 쳐다보긴 했어 그런데  솔직히 관심은 없어,1
1653,진짜 야구를 좋아하는 팬들은 그 공 값이 얼마 되지는 않겠지만 그 기념으로 하는 거죠,1
1654,난 구기를 좋아하니까 공으로 하는 것이 재미있고 한데  관심이 안 가,1
1655,세밀하고 치밀한 생각이 깊은 줄은 아는데 좋아하는 건 권유할 수도 있잖아,1
1656,근데 이제 통상 지금 원했던 목표는 팔백 만명 이상의 관중이 오는 거였단 말이야,1
1657,나 조차도 야구를 좋아하는데 중계를 매일 보거나 못 보면 결과라도 스포츠 뉴스로 봤었거든,1
1658,프로로 이제 주전으로 야구선수 생활을 하다가 프로에서 마무리까지 하면 얼마나 좋아,1
1659,희노애락을 딱 갖는 거기에서 이제 프로야구가 상당히 우리에게 기여를 했다고 봐야죠,1
1660,그랬더니 이제 사정을 잘 모르니까  지금은 관심이 아예 없어졌어,1
1661,나는 박성현을 좋아하는데  박성현이 할 때 보면 잘 하기도 하는데,1
1662,같은 나이이고 그 시절에 같이 커왔는데도 야구의 야자도 모르고 아예 관심도 없더라고,1
1663,우리 어릴 때 야구를 보면 굉장히 재밌어서 선수들 기록도 다 외웠거든,1
1664,노력을 많이 했을 거야 그런데도 많은 관중들이 보고 하니까 얼마나 떨리겠어,1
1665,야구장에서 야구볼이 날라 오는 거를 잡겠다고 하다가 잘못하면 다치잖아요 그 공에 맞으면,1
1666,자네가 맨날 나한테 스포츠 경기만 본다고 하는데 그걸 보다 보면 그러거든,1
1667,예전에 운동했던 거는 야구인데 야구를 처음에 밤낮으로 많이 했어,1
1668,대학교 다닐 때는 야구를 진짜 좋아했었어 그래서  야구 선수들 이름도 다 외우고,1
1669,그 유종의 미를 거두는 모습을 저도 보면서 상당히 모범적인 인생을 살았다고 느꼈어요,1
1670,프로 야구하는 사람들은 다 그게 직업이고  우리가 하는 건 그냥 생활이어야 돼,1
1671,당신 생각에는 골프가 운동이 안 될 거 같지만 우리가 프로가 아니잖아,1
1672,이제 그 구단의 경기를 보면서 기념으로 할 수 있는 게 상당히 좋은 추억이 될 수 있을 것 같아,1
1673,근데 야구는 우리도 할 수는 있는데  축구는 했다가 잘 못 넘어지면 큰일 나,1
1674,그런데 뜻하지 않게 이렇게 볼 하나씩 주워서 가면은 굉장히 재미있고 추억으로 남아,1
1675,그래서 나도 골프를 하니까  경기를 보면 정말 재밌게 보는데,1
1676,그래서 관심이 있었을 때는 매일 그 야구에 대한 결과를 스포츠 뉴스로 보고 그랬었거든요,1
1677,관심을 많이 받고 심지어는 후보급이다 제 이의 양현종이다 라고 그렇게 관심을 가졌었거든,1
1678,그래서 아빠가 애기를 프로로 가르치려고 열심히 밀어주는데 돈이 없잖아,1
1679,삼십 칠년 전이죠 삼십 칠년 전 그때 막 시작할 때는 솔찌기 크게 관심이 없었거든요 저도,1
1680,기념으로 야구를 좋아하는 사람이 야구장에서 자기가 좋아하는 팀의 경기를 추억하는 거니까,1
1681,조절하는 부분에서 여름 철에는 내가 산에 안 있는 거고,1
1682,어렸을 때부터 그 과정들을 보면  프로야구가 일년에 전반기 후반기 그 리그를 하잖아요,1
1683,부모들이 너무 열성적으로 프로 야구  프로 골프에만 치중되어 있잖아,1
1684,그래서 일반 사람들하고 얘기를 하다 보면 이해를 못 하는 부분이 많이 있어,1
1685,하나는 골프에 있고  또 다른 하나는 야구에 스윙 동작이 있어요,1
1686,왜 말씀 들어보니까 진짜 야구를 좋아하는 팬인 것 같아요 집도 야구장 주변이시잖아요,1
1687,우리나라 야구도 보면은 집중력이라든지 세밀함이 많이 떨어지는 것 같아,1
1688,그다음에 두번째로를 이걸 보면은 이제 또 이 심판 프로 야구에 심판들이 있잖아,1
1689,또 아무래도 재미있는 그런 스포츠가 되고 결과도 더 확실하게 잘 나올 수도 있잖아,1
1690,보면 그래서 프로 야구가 이제 아마 팔십 이년도에 처음 시작한 걸로 제가 알고 있거든요,1
1691,작년에는 그래도 플레이오프 나가 가지고 그래도 야구를 괜찮게 하더만,1
1692, 이제 주전으로 야구선수 생활을 하다가 프로에서 마무리까지 하면 얼마나 좋아,1
1693,결과론적으로 이제 자기가 좋아하는 것들은 자기도 모르게 투자를 하는 법이잖아요,1
1694,알다시피 나는 축구를 좋아했지만 세월이 흐르니까 야구에도 관심이 가게 돼,1
1695,우리는 프로가 아니니까  이 지지대가 여기 저기 움직이기 되는 것 같아요,1
1696, 후반기가 이제 시작을 했고 어제부터 시작을 했는데 어제 양현종이 나왔더라고,1
1697,아무튼 그래도 최선을 다 하는 모습을 바라보고 있는데  그 예전에는 경기를 이렇게 보잖아요,1
1698,이제 우리 기아도 그런 선수가 입단을 해서 성적을 내겠다 라고 관심을 많이 갖고 봤었거든,1
1699,우리나라 야구도 보면 집중력이든지 세밀함이 많이 떨어지는 것 같아,1
1700,우리도 배구장에 가서 언제 기회 되면 한번 경기도 보고 구경하고 그러자고,1
1701,그게 또 사람들을 관심 갖게 해 주고 흥미를 갖게 해 주고 그 취미생활에도 많은 기여를 하지,1
1702,자기가 가지고 있는 컨트롤 잠재력 그런 게 정확하게 맞아 떨어지는 거지,1
1703,또 이제 야구를 이제 꿈꾸는 학생 그들에게는 희망을 주는 모범적인 선수였다고 생각해,1
1704,프로들은 유일하게 똑같은 게 그거 하나인 것 같고  지지대가 항상 정확해요,1
1705,네 저도 야구를 좋아하는 팬인데 최근에 들어와서는 기아가 성적도 좀 떨어지고 그렇잖아요,1
1706,그러다 보니 이제 티비에서 중계하는 야구를 보다가  져서 스트레스받을 일도 없었죠,1
1707,요즘 야구장에 사람들이 통 없더라고 여름 되고 나서 날이 더워서 그런가,1
1708,아까 이범호 선수 얘기를 하셨는데 그 선수가 보면은 참 모범적인 선수였던 거 같아요,1
1709,이제 거기에 관여를 하고 관심을 갖다 보면 시간이 참 빨리 갔던 그런 기억이 있어요,1
1710,보통 그래서 관심을 안 가지게 되는데 그래도 요즘엔 이제 프로야구에도 여성 관중이 많더라,1
1711,프로 꼴퍼 같은 경우는 힘을 하나도 안 들이고 툭 놓는데 멀리 가고,1
1712,겨울에 추운데 물속에 바지 걷고 들어가고 얼마나 운동을 많이 했는지 몰라,1
1713,물론 이제 제 이의 인생을 시작하게 되겠지만 그런 모범적인 생활을 보면서 느껴지더라고,1
1714, 그 개막을 시작하기 전에 기아 타이거즈에서 신인 중에 한명이 굉장히 관심을 받았어,1
1715,지금은 게임도 스포츠야  이 스포츠더라고 그래도 거기도 관심이 있고,1
1716,프로야구를 한참 좋아하고 응원하다가 한시즌이 끝나면 뭔가 허전해지는 그런 게 있더라고,1
1717,그리고 이제 오늘 다시 이차전을 이렇게 들어가서 야구를 하는 데 나는 기아 팬이거든,1
1718,바지를 걷고 물 속에 들어가서 공 치는 모습을 봤을 때 온 국민이 함성을 질렀잖아,1
1719,앞으로 건강한 미래를 위해 신경을 쓰자고 야구에 너무 스트레스 받지 말고,1
1720,그래서 일부러 스포츠를 아예 접하지를 않고 일체의 관심을 끊었어,1
1721,요즘은 스포츠가 너무 거창하게 막 다양화 되어있고  무슨 프로도 너무 많고,1
1722,그렇게 이제 올해 들어서 두번째로 많은 관중들이 입장을 해 가지고 굉장히 즐기면서 봤어요,1
1723,우리가 보기에도 좀 프로다운 면모나 적극적인 부분이 없어서 관중이 많이 떨어진 것 같아,1
1724,그런 인생을 살 수 있는 기회를 준 구단한테도 굉장히 감사하고 또 기존 선수들한테도 고맙고,1
1725,뭐 해설자도 그 얘기를 하던데 투수 놀음이 사실상 야구의 칠십프로다라고 하드라고,1
1726,물론 이제 제이의 인생을 시작하게 되겠지만 그런 모범적인 생활을 보면서 느껴지드라고,1
1727,최근 말고 예전 전반기 초에 경기들을 보면 상당히 이제 일반인들도 이해할 수 없는 걸 해,1
1728,요즘은 야구장에서도 그런 모습들을 볼 수 있는 기회가 점점 많아지는 것 같더라고요,1
1729,이게 다 대전 세금이야 야구를 잘해야지 야구장 가서 재밌게 구경할 텐데,1
1730,그런 모범적인 선수 생활을 했는데 초등학교 때부터 이제 야구를 했다고 하더라고요,1
1731,일반인들이 바라보는 마음하고 그런 차이가 있더라는 거죠 제 친구들은 야구의 야 자도 몰라요,1
1732,이런 경기는 뉴스에도 별로 안 나오지  그러니까 모르겠더라고,1
1733,나중에 퇴직하고 야구장에 가보니까  야구 구경하는 사람이 거의 없더라고,1
1734,티비나 무슨 프로를 보면서 대리 만족한다고 나한테 자꾸 어필을 하고 있잖아,1
1735,그러니까 앞으로는 이제 기아도 그런 부분을 잘 인지해서 발전해 나가야 될 것 같아,1
1736,프로 야구가 후반기가 이제 시작을 했고 어제부터 시작을 했는데 어제 양현종이 나왔더라고,1
1737,연습장을 닭장이라고 하는데  닭장에서는 프로지만 나가면 아마추어가 된대요,1
1738,그 선수도 능력 있는 선수이기 때문에 더 많은 역량을 가지고 앞으로도 잘 해야지,1
1739,요즘 자네가 스포츠 중에 관심 있는 게 야구라고 했는데  요즘에 게임 보는 거 있어,1
1740,최근에도 그 언론사에 왜 올래 들어서 프로야구 관중이 줄어드는가에 대한 기사가 있더라고,1
1741,그때는 솔직히 이제 학생 시절에는 크게 취미라든가 그 관심을 가질 생각을 안 했거든요,1
1742,네가 무릎이 안 좋고 살이 조금 있으니까 다른 운동은 무리가 가니까,4
1743,그니까 요새 테니스는 내가 어깨 아파서 못 하니까 정말 너무 아쉬운 거 같아,4
1744,그러니까 제일 만만한 것이 운동장을 도는 건데 그것도 다리가 아프니까,4
1745,어쨌든 내가 과격한 운동을 하면 무릎에 무리가 갈 수도 있으니까 조심해야 돼,4
1746,이제 허리를 좀 세워가면서 계단을 한 두 번 하면 삼십번이 넘지,4
1747,그래서 근육에 무리가 가는 바람에 이런 일이 생긴 것 같더라고,4
1748,허리에는 차분한 운동 천천히 하는 운동이 좋다고 하더라고,4
1749,특히 운동이 되는 게 참 다리 운동도 되고  팔 운동도 돼서 참 좋더라,4
1750,내가 다리도 상태가 안 좋으니까  허리에 얼마나 무리가 가는지,4
1751,어떤 병원에 가니까 몸이 많이 차다고 해서 수영도 생각해봐야 될 것 같고,4
1752,그래서 다리에도 무리가 갔던 것이 아닌가 싶은 생각이 들더라고  ,4
1753,나도 그 생각은 해 우리가 걷기만 하니까 다리 운동이 안 되는 것 같아,4
1754,그런데 어쨌든 간에 삼개월만 버티면 기본자세는 나온다고,4
1755,그래서 수영도 지금 치료를 해서 몸이 낫고 나면 그에 맞춰서 해야겠어,4
1756,의사 선생님이 다리 때문에 그 운동 하지 말라고 하면 못할 것 아니야,4
1757,매일 운동을 열심히 하니까  근육이 있어서 얼마나 좋냐고 자랑을 해,4
1758,근육이 이렇게 생겨있고 그래서 나는 운동을 하는 사람인 줄 알았어,4
1759,스트레칭 종류도 같이 하면 훨씬 나을 것 같은데  어떻게 생각해,4
1760,맞아 그거는 좀 하고 싶어 근데 지금은 어깨 때문에 병원을 좀 가 봐야 될 것 같아,4
1761,그치 좀 근력을 좀 키우고 할 수 있는 운동을 찾아 가지고 적극적으로 좀 알아 봐,4
1762,운동 많이 하고 걷고 햇빛을 많이 보는 운동을 하라고 그러더라고,4
1763,운동도 나이에 맞게 해야되는 거잖아 그냥 있다고 하면 무리가 온대,4
1764,그런 애로사항이 있어 누가 선뜻 같이 해 보자는 사람도 없는 상태이고,4
1765,막 허리도 아프고 막 햇빛에 너무 못 이겨 갖고 내가 못 하거든,4
1766,내가 허리가 안 좋잖아 근데 물속에서 하니까 안 힘들고 그냥 노는 것 같아,4
1767,내가 요가 하면서 허리도 부드러워진 거 같고 무릎도 나은 것 같으니까,4
1768,그런데 그것마저도 다리가 아프더라고 그리고 위에 가니 선생님이 있던데,4
1769,사람들 보면 무리하게 근력운동을 한다고 역기 들고 그러는데,4
1770,꼭 요가를 가지 않더라도 집에서 할만한 운동을 한번 생각해 봐,4
1771,그리고 걷는 자세도 많이 교정이 된 것 같아 허리가 좀 펴진 것 같아,4
1772,사람들 보면 무리하게 근력운동을 한다고 ,4
1773,애들도 당신을 아니까 당신한테 안 권하는 거야 본인은 아니라고 하지,4
1774,근데 있잖아 자기도 요가 운동을 해봤니,4
1775,수영을 하지 않아도 되니까 물 속에서 걷기만 해도 관절에 좋다고,4
1776,그러고 걷는 자세도 많이 교정이 된 것 같아 허리가 좀 펴진 것 같아,4
1777,관절이나 그런 데 무리가 올 수 있잖아 그렇게 생각하면 할만한 게 없어,4
1778,천천히 걷는 것도 괜찮은데 일단 수영도 좋고 근력도 키워야 되겠지,4
1779,테니스도 치고 싶은데 지난 번에 테니스 채를 위에서 꺼냈는데 줄이 다 끊겼더라,4
1780,허리에 좋은 수영을 하려고 하고 있고 근력을 키워야 되는 나이니까,4
1781,몸으로 느껴지지만 이제 무릎도 안 좋고 연골도 많이 닳아 있으니까,4
1782,우리 배우자도 자세를 다시 교정하는 데 진짜 애를 먹었거든,4
1783,운동할 겸 가보자고 거기 저번에 가니까 경치도 좋고 상당히 마음에 들던데,4
1784, 어느 정도 근력 운동도 할 수 있는 수준으로 해달라고 했어,4
1785,우리 친정엄마한테도 적극적으로 권유했는데 행동으로 잘 안 옮겨지더라,4
1786,운동장에서 걷기 운동 아니면가서 유산소 운동을 하거나,4
1787,나이가 들다보니까 지금 목도 많이 뻣뻣하고 힘들어서 너도 근력도 없고,4
1788,그런데 요새 보면 날씨도 더운데 자네가 운동을 심하게 해서 걱정도 돼요,4
1789,아무튼 스뽀쯔나 운동을 하지 않는 사람들에게 적극 권하고 싶은 운동이다,4
1790,그리고 나이 먹어서는 진짜 어디 관절 같은 데 무리하지 않고 할 수도 있어,4
1791,그것도 나는 해보지 않았기 때문에 조금 서툴렀고 그래서 더 올라가기 힘들었지,4
1792,다리를 쓰지 않는 근육 운동을 할 수 있는 요가 같은 운동도 있잖아,4
1793,무슨 운동을 할 때든 동작이랑 자세가 진짜 중요한 것 같더라고,4
1794,그런데 그것도 이제 다리가 불편하니까 지금은 못 하고  할 운동이 없어,4
1795,믿을만 하다라는 생각이 들지만 그분한테까지 가는 거는 무리인 것 같은데,4
1796,그래서 의사 선생님은 당분간 모든 운동을 끊고 치료를 받으라고 하는데,4
1797,특히 너도 건강이 안 좋으니까 그것 때문에 운동을 적극적으로 추천하고 싶어,4
1798,그래서 수영이 다리에도 무리가 덜 가니까 수영쪽으로 생각을 하고 있는데,4
1799,날씨가 덥고 무릎도 아프면 안 갈 수 있잖아 또 내가 혈압도 있어요,4
1800,그리고 이 사람이 당이 너무 많아서 병원에서 약을 타먹었는데,4
1801,내려 올 때 무릎이 좀 안 좋을 수 있으니까  도솔산이 최고인 것 같아,4
1802,이런 식으로 계속 하니까 내 근력이 어느 정도 유지가 되는 것 같아,4
1803,그런데 너 같은 경우에는 살을 좀 빼야 돼 살이 많으면 다리에 무리가 오거든,4
1804,너는 테니스하고 몸 안 아팠어 나도 안 쓰던 근육을 쓰니까 몸이 아프지,4
1805,그리고 수영이 운동이 엄청 된다며 우리 나이에 진짜 가장 좋은 운동 같아,4
1806,다리만 딱 반듯이 고정되면 얼마나 좋겠어요  그런데 이게 정말 쉽지 않아요,4
1807,같이 한번 해 보자 산도 많이 타지 말고 산 타는 게 무릎에 그리 좋지만은 않아,4
1808,그런데 관절이 너무 안 좋아서  댄스를 하는데 무리가 가니까,4
1809,제대로 된 근력이 하나도 없다고 그러더라고 너 학교에서 할 때도 이학년 땐가,4
1810,그런데 선배들이 어쨌든 간에 삼개월만 버티면 기본자세는 나온다고,4
1811,내가 끈기도 없어서 그렇지만 근력운동은 나이가 젊었을 때 하면,4
1812,그래서 너한테도 추천하는 거야 저번에 아팠을 때에도 마음이 안 좋았어,4
1813,골프도 집중력이나 근력 향상에 좋은 운동이니까 한번 해보는 게 좋을 것 같아,4
1814,역기 잘못 들어서 손을 다쳐서 병원가는 사람이 많이 있더라고,4
1815,나도 몸이 따라주지를 않아 귀찮고 그러는 게 아무래도 나이가 들어서 그런가 봐,4
1816,난이도를 높여서 어느 정도 근력 운동도 할 수 있는 수준으로 해달라고 했어,4
1817,하다보니까 나는 근력도 많이 좋아졌어,4
1818,삼십분 매일 하는 것은 괜찮은데 너무 운동장만 도는 것 말고도,4
1819,나는 그 시멘트 길이 너무 뭐라고 할까 이게 걸을 때 무릎에 타격이 크더라고,4
1820,나한테 한번 권하기도 하더라고 어떤 운동이 좋은지 의사 선생님인데 물어봐,4
1821,그러면 걷는 운동도 안 되나 산보나 걷는 거나 무리가 안가잖아,4
1822,산에 가는 것보다는 근력 운동이 더 낫지,4
1823,내가 그 상태니까 의사 선생님이 걸으라길래 매일 같이 걸었어,4
1824,또 우리 집에 운동 최고로 잘하는 사람이 있잖아 근력 운동을 매일 하는데,4
1825,그런데 너무 힘들고 체력이 딸려서 병원에 몇 번 실려 가고 나니깐,4
1826,그러니까 나도 의사선생님도 수영을 하는 것을 권하는 것인데,4
1827,생각보다 근육에 많이 힘을 주고 동작을 해야 되는 건가 봐,4
1828,그러니까 아예 산에 안 가는 건 아닌데 아직은 무리하게 움직이면 안 되거든,4
1829,병원에서도 그래서 지금은 그냥 간간하게 무리하지 않고 헬스만 하고 있지,4
1830,운동해야 된다고 하면서 치료하면서 운동하는 방법도 가르쳐준대,4
1831,어떤 날은 내가 안 쓰던 근육을 쓰게 하는 날이 있어 처음엔 좀 아팠지,4
1832,그런데 항상 내가 산에 가면 무리를 하게 돼 그래서 페이스 조절하는 거야,4
1833,내 경우엔 치료받고 나서 근력 운동을 안 하면 안 된다고 하더라고,4
1834,그게 한두주만 쉬어도 벌써 딱 틀린 것 같아 다리 힘 같은 게 말이야,4
1835, 근데 나는 자꾸   수영이나 테니스를 하면 얼마나 좋아,4
1836,우리는 팔을 무리하게 돌리면 연골이 다 낡아 있기 때문에 안 좋다고 그래,4
1837,같이 있어줄게  하고 산에 올라가지 않고 둘레길을 조금 돌고 있었지,4
1838,근데 그래도 조심은 해야지 이제 나이가 있잖아,4
1839,혈압약도 안 먹어 그러니까 생각해보면 다 운동 덕분이구나  하지,4
1840,저번에는 야영장에 놀러 갔다 온 적 있거든  간 김에 수영을 해 봤어,4
1841,의사 선생님도 걷는 것이 최고 좋다고 하면서 내가 너무 안 걷는다고 했거든,4
1842,키도 크고 덩치가 있는 있는데도 혈압 약도 안 먹는 사람 많고,4
1843,몇 명이 갔냐하면 다섯명이 갔거든 그런데 나는 무리일 것 같은 생각이 드는 거야,4
1844,스트레칭 방법을 알고 있으니까 그분이 그러더라고 잘 하신다고,4
1845,근데 나는 자꾸 몸을 움직이기 싫지만  수영이나 테니스를 하면 얼마나 좋아,4
1846,탁구가 더 나이 더 먹어서도 할 수도 있고 무리도 별로 없고 좋은 거 같애,4
1847,더 힘들어지기 전에 수영이나 요가랑 하면서 좀 관리를 하면 좋을 것 같은데,4
1848,돈도 안 들고 신체적으로도 별로 무리가 안 되니까 그게 가장 좋은 방법이지,4
1849,자네도 나이가 적지 않으니까 좀 조심했으면 좋겠다  내가 그런 생각도 들어,4
1850,한 지가 오래되어서 자네는 잘 하지만 난 아직 요가할 준비가 안 된 모양이야,4
1851,왜냐하면 우리가 나이를 먹어 가지고  관절에 안 좋은 영향을 줄 수 있거든,4
1852,그래서 고인 물을 빼고 물리 치료 같은 치료를 계속 받고 있어,4
1853,그래서 근력운동 위주로 지금 많이 하고 있어,4
1854,내가 많이 아프고 나서 생각하니까 이제껏 내가 잘못 생각해온 것 같았어,4
1855,그렇구나 나는 동사무소에서 일주일에 두번씩 요가를 하거든,4
1856,요새 무슨 운동해 허리 아프다더니 할만한 괜찮은 운동 있어,4
1857,손에 힘을 주고 어깨도 힘을 주니까 칠 때 머리까지 다 돌리더라고,4
1858,이렇게 해서 또 돌리면은 잘하면 할 수도 있을 것 같은데 그런 것들이 잘 안 되더라고요,4
1859,너도 허리로 고생하고 있잖아 해보면 진짜 좋을 것 같아 내가 적극 추천해,4
1860,자꾸 산행하는 것도 멀리하다 보니까 무릎도 아프고 내려올 때 힘들더라고,4
1861,그래도 요가는 안 해 본 것이라 자네가 집에서 좀 가르쳐 줘야 될 거 같아,4
1862,다리랑 허리는 누가 그러는데 계단 올라가는 게 좋다고 하더라고,4
1863,디스크 수술도 잘 됐다고 하는데도 안 좋았는지 허리가 아팠대,4
1864,동네에서 요가를 하면서 춤도 추고  사람들 만날 수 있는 것도 좋더라,4
1865,네살 때 아빠가 운전을 하다가 사고가 나서 무릎 이하를 못 쓰신대,4
1866,자네도 열정적이고 정열적으로 운동을 하는데 너무 무리하는 것 같기도 하거든,4
1867,굴렁쇠 돌리기를 하고 그러는데  아까 니가 말했던 대로 이제는,4
1868,안 그래도 우리 애도 내가 치료하고 나면 관리하라고 걱정하더라고,4
1869,병원에 가면 엄마가 혈압으로 돌아가셨는데 나는 멀쩡하다고 하지,4
1870,이제 좀 괜찮아지고 그러면 뭐 할 수 있는 게 수영이나 요가 같은 거겠지,4
1871,아무래도 내가 다리도 아프고 그러니까 슬슬 하고 걷고 그러는 중이지,4
1872,갓바위 가는 거 힘들더라 뒤로 올라가면 쉬운데  앞으로는 도저히 불가능이야,4
1873,나도 그런 데에서 나를 너무 무리하게 진행시키고  그러고 싶은 생각은 없어,4
1874,의사 선생님이 교정을 하고 나면 운동하는 방법도 가르쳐준다더라고  ,4
1875,내가 가서 근력운동하는 것도 아니고 스트레칭하고 유산소 운동만 하고 오는데,4
1876,그러니까 그런 부분에서 무리를 안 하려고 하는 거지 그러니까 내버려 둬,4
1877,일주일 동안 치료를 하는데 피가 빠지고 나면 물이 고인다 하더라고,4
1878,얘기하면 또 막 뭐라고 할까 봐 지금 말을 못하고 있는데 병원을 좀 가야겠어,4
1879,그러니까 빠르지는 않지만 종아리를 쓰게 되면 종아리 발바닥부터,4
1880,지구력 근력 키우는 데에는 이런 운동이 우리네 나이에 적당한 것 같은데,4
1881,지금 너 학교 방학이고 할 때 제일 먼저 이제 수영이나 요가나 좀 알아봐야지,4
1882,앞에서 말한 이유 때문에 내가 너한테 수영을 꼭 추천하고 싶었어,4
1883,나는 지금 혈압도 없는데 우리 엄마는 고혈압으로 돌아가셨잖아,4
1884,그런데 그 중에 팔을 돌리는 기구가 있어 그 기구가 우리 나이에는 안 좋대,4
1885,사실 무릎도 아파서 안 돼 아예 탁구를 치는 게 나을 수도 있다고 생각해,4
1886,그래서 지금 무릎도 안 좋고 몸도 좋지 않은 증세를 보인다고 하는데,4
1887,수영 같은 경우에는 끝나고 같이 샤워장에서 씻어야 되다 보니까,4
1888,무용을 시작하니까 근육에 무리가 가는 것 같더라고 지금은 다 쉬고 있어,4
1889,내가 그때 다솜하고 같이 갔더니  걔는 수영 자세도 좋고 참 잘하더라고,4
1890,지금 하고 있는 선배들이 삼개월 했는데 벌써 자세가 나오더라고,4
1891,자세부터 시작해서 몸에 무리가 안 되고 계속 해도 되겠다 결정이 되잖아,4
1892,지금은 무릎이 그걸 허락하지 않더라고 그래서 그걸 관리를 하고 있거든,4
1893,병원에 가면 부모 중에 고혈압 있었나  암환자 있었나  물어보는데,4
1894,그리고 아침마다 수영을 하니까 확실히 허리가 아픈 통증이 없어지는 것 같아,4
1895,그런데 내가 무용을 해 보니까 느린 동작인데 에너지가 많이 소모되더라고,4
1896,저는 요즘에  나이 먹어서 그냥 운동으로 수영은 한 십년을 했어요,4
1897,그랬는데 요즘에는 이제 교통사고 난 이후로 무릎이 너무 안 좋아져서 못 가고 있지,4
1898,나도 워낙 운동을 안 하다 보니까 몸에 근력이 없어서 더디게 배웠어,4
1899,완전히 종아리가 팽창되어서 다리에 물이랑 피가 차서 너무 아팠어,4
1900,이제 뭐 스쿼트나 런지 같은 거 요런 거 다 해서 다리가 좋아,4
1901,그렇게 올라가는 것도 좋지만  내가 게을러 가지고 못 가는 경우가 많지,4
1902,그러면  무용 말고 수영 같은 것은 괜찮다고 하지 않아 어떻게 해야 된대,4
1903,그래서 제일 쉬운 것이 운동장 도는 일이야 저번에 산에 올라가서 다리도 삐고,4
1904,그러니까 애들도 절대 당신한테 그걸 배우라고 적극적으로 권하지 않잖아,4
1905,운동장에서 걷기 운동 아니면 헬스장 가서 유산소 운동을 하거나,4
1906,그래서 올라가서 선생님 따라 운동을 따라하니까  그 운동은 잘 맞았어,4
1907,삼개월 해 보고 안 되면 때려치라고 했는데 다리 때문에 다 접게 생겼네,4
1908,몸이 계속 바뀌는 거야 그래서 깜짝 놀랐지 요가가 굉장히 좋구나 하고,4
1909,그때는 컨디션이 조금 안 좋을 때  산에 올라가자고 하고 갔었어,4
1910,걷지도 못하고 계속 병원만 다니고 물리 치료만 해야 되는 거야,4
1911,나는 지금 요가만 하고 있지 대신 이제 근력 운동도 병행하려고 해,4
1912,그런 종류의 방법을 배워서 걷는 것을 해 보라고 권유는 하더라고,4
1913,나는 처음에 가서 내 마음대로 안 되니까 동작 하나 손가락 하나도 안 되니까,4
1914,그러니까 조금씩 샷이 잘 되더라고 그래서 자세가 저렇게 중요하구나,4
1915,그러니까 허리가 아파서 두코스 세코스 걷는 것은 기본이고,4
1916,교통사고 난 이후로 오른쪽 무릎이 아파서 이제 완전히 그냥 나가 버린 것 같더라고,4
1917,해 보니까 근육이 파열돼서 피가 나오는 바람에 고생하고 있거든,4
1918,해외 여행을 가려고 마음을 먹으면  일주일 전부터 요가를 해,4
1919,수영을 적극 추천하더라고 진짜 우리가 어깨도 아프고 무릎도 아프고,4
1920,한시간을 안 걸으면 허리가 아파서 수술을 했는데도 잠을 못 잔대,4
1921,이달부터 수영 시작해 봐 우리 나이 때는 수영만 한 운동이 없는 것 같아,4
1922,앞으로 운동장에서 운동기구를 쓰려면 팔 돌리는 기구는 절대 쓰지마,4
1923,알았어 그러고 나는 요즘에는 좀 허리가 별로 안 좋거든,4
1924,내가 사년 전에 교통사고가 나서 그때도 런닝머신에서 못 걸었거든,4
1925,제가 진짜 차밍 댄스를 해 보니까 산행을 해도 이렇게 머리에 땀이 안 나요,4
1926, 그 사이클 운동 기구 살 때  생각할 줄 알았거든,4
1927,그러면 고전 무용 말고 수영 같은 것은 괜찮다고 하지 않아 어떻게 해야 된대,4
1928,근데 이제는 오전에 가는 게 귀찮아지더라고 나 아는 동생도 같이 요가를 다녀,4
1929,그래도 골프장에 있는 차를 타면 다리가 아픈 사람도 오갈 수 있다고 하잖아,4
1930,지금 허리하고 발바닥까지 다 아프거든 턱관절이 다 돌아간 것 같아,4
1931,선생님은 다시 한번 잡으시면 잘 하실 것 같은데 계획 없으세요,4
1932,지금은 어디 아프다 소리 안 하고 골프를 열심히 잘 치더라고,4
1933,어떤 선생님은 이런 경우에 물속에서 걷는 아쿠아도 좋다는 말이 있더라고,4
1934,자세가 나쁘니까 어깨가 너무 아파서 오랫동안 치료를 하다가,4
1935,근데 다시 시작했다고 해도  준비 안 된 상태에서 치니까 의미가 없더라고,4
1936,나는 처음이라서 그런지 몰라도  직접 해보니까 몸도 아프고 힘들더라,4
1937,우리가 십년 전에  다리가 안 아플 때는 댄스 스포츠가 한참 나왔잖아,4
1938,어 근데 예전엔 저도 요가 운동을 해 봤어요,4
1939,나이도 있고 또 많이 움직이기도 힘들고  체력이 받쳐주지 않거든,4
1940,병원에서 무슨 운동을 하라고 이야기를 할 테니까 하긴 해야겠지  ,4
1941,저 같은 경우는 출퇴근이나 사무실에서도 가능한 움직이려고 하는 편이에요,4
1942,나는 그걸 해보니까 육신이 다 아프고 그러던데 너는 해보니까 어때,4
1943,햇빛을 너무 안 봐서  이렇게 비타민 디가 부족하면 골다공증이 온다고,4
1944,우리도 근력을 키워야 할 시기잖아 그러니까 건강을 위해 운동을 꼭 해야 돼,4
1945,그리고 아침마다 수영을 하니까 확실히 다리가 아픈 통증이 없어지는 것 같아,4
1946,사람들 이야기를 들어 보면 물 속에서 하는 운동이 관절에 좋다잖아,4
1947,아까 자네가 요가 이야기했는데 나도 요가를 한번 배워 봐야 될 것 같아,4
1948,컨디션이 안 좋으면 좀 쉬고  또 괜찮으면 움직이고 그걸 조절을 해야 되거든,4
1949,골프 선생님은 내가 운동의 이응자도 모른다고 해도 잘 가르쳐준다고,4
1950,사람들이 자기에게 맞는 용량을  되는데  무리해서 다치는 사람이 많거든,4
1951,내 친구는 지금 허리가 아픈데 미용을 하는 애인데 골프를 쳐,4
1952,다리가 뭉쳐 가지고 병원에 갔더니 엑스레이상에는 이상이 없었는데,4
1953,스퀘트를 백 팔십번을 했대 깜짝 놀랐어 걔는 요가도 한번 하고 나오잖아,4
1954,선생님이 옆에서 잡아줘서 천천히 걸었는데 그렇게라도 걸어야 하는데 말이야,4
1955,요가 선생님이 들어온 적이 있었어 그때 따라하다가 연골이 찢어졌거든,4
1956,자전거 타는 것도 좋겠지만 더울 때는 땀도 흘리고 그러니까 같이 요가 해요,4
1957,특히 더운 동남아쪽으로 나라로 가려고 하면  날마다 요가를 하는데,4
1958,그래  나 운동장 돌기만 하는 것은 아니고  거기 운동기구가 있거든,4
1959,탁구가 전신 운동이라서  무리 없이 살 빼는 데는 최고 좋을 것 같아,4
1960,그러다 보니까 허리가 아프니까 수영이 좋다 해 갖고 수영도 해고 헬스도 하고,4
1961,비싼 기구라든지 그런 데 돈을 들이잖아,4
1962,우리 아빠가 테니스를 시작한 계기는 건강을 키우고자 하는 것도 있었지만,4
1963,정형외과 선생님이 수영하라고 나한테 권유를 많이 했는데 내가 싫어하잖아,4
1964,근데 사실은 우리가 자전거까지 사서 타고 다니는 것도 무리이기는 해,4
1965,탁구나 테니스를 치는 사람들은 아무리 무너져도 자기 기본 페이스는 하잖아,4
1966,옛날에 비해서 많이 빠져 내가 이제 요가를 한지 한 삼사년 돼서 그런가,4
1967,너 같은 경우  내가 볼 때는 운동을 옛날에 너무 많이 안 했잖아,4
1968,내 배우자 같은 경우에는 단전호흡부터 시작해서 운동을 많이 했는데,4
1969,그러게 난 계속하고 싶거든 하고 싶은데 의사가 안 된다고 하면,4
1970,항상 건강진단을 하면  근력은 부족한데 체지방은 항상 많게 나왔었거든,4
1971,헬스하고 수영을 병행할까도 생각 중이야 일단은 다리가 나아야 되겠지만,4
1972,스트레칭은 좋은데 요가는 스트레칭보다 강도가 더 쎄서 하기 힘들지,4
1973,보면 요가했을 때 선생님이 근력이 하나도 없다고 그때 그랬었거든,4
1974,한달 동안 했는데 두번째 갔을 때 무리가 왔거든 무시하고 계속 다녔더니,4
1975,내가 몸이 너무 갑자기 살이 쪄서 처음에 했던 건 헬스 진짜 심하게 했어,4
1976,내가 처음 요가를 시작할 때 거기 요가 강사가 그러더라고 해 보셨냐고,4
1977,요즘 들어서 관절 같은 부분에 무리가 많이 가는데 물속에서 하면 괜찮아,4
1978,그게 한국 무용이 되게 느린 운동인데도 몸에 무리가 많이 가더라고,4
1979,근데 기구 갖고 하는 운동이 그러니까 우리는 사실 런닝머신도 안 하잖아,4
1980,나는 이번에 가고 싶은데  애들하고 같이 갈 수 있는 방향으로 계획해볼까,4
1981,처음에 난 그 사이클 운동기구 살 때  옷걸이로 생각할 줄 알았거든,4
1982,우리가 칠 의사가 있다고 밝히면 아마 친구들이나 애들이 정보를 알려줄 것 같아,4
1983,그곳에 운동 기구도 많더라고 훌라후프로 허리 돌리기 하니까 시원하던데,4
1984,그라고 또 탁구를 치다 보면 레슨 선생님이 해 주는 거 있거든,4
1985,전에는 요가 강사님들이 전문적으로 오랫동안 하시는 선생님들이었거든,4
1986,나는  전번에 티비에서 한번 봤거든 요가보다는 덜 어렵고,4
1987,나도 요가 학원을 한 삼사개월 전에 옮겼잖아 전에 다니던 학원하고 다르거든,4
1988,무릎이 다 까지고 어깨 다치고 그래서 자전거는 이제 못 타겠다 싶었지,4
1989,내려올 때는 다리가 떨렸는데  정말 생명의 위협을 느낄 정도로 힘들었어,4
1990,헬스 같은 경우는 이제 뭐 근력 운동이라든가 있잖아요,4
1991,그리고 또 선생님이 가르쳐 주는 걸 기본 베이스로 해서  응용하는 것도 좋아,4
1992,선사 병원 알아 그 병원 사거리 쪽 바로 샛별 아파트 맞은편이야,4
1993,내려가는 건 무릎에 부담된다니까 웬만하면 걸어 다니시라고 그래요,4
1994,그리고 진짜 이제는 몸이 아프면 치료도 잘 안 듣는 것 같은 기분이 들어,4
1995,나는 이번에  체조  요가 비슷한 것을  정식은 아니지만 하다 보니까,4
1996,따라서 해보니까 크게 무리가 가지는 않는데 운동은 되고 좋더라고,4
1997,자기가 돈을 대주는 것도 아니면서 선생님 소개시켜줘서 고맙다고 하는데,4
1998,병원에 매일 다니는데 근력 운동을 조금씩 하고 걷기도 해야 한다고 하더라고,4
1999,요즘 운동장이나 공원 쪽에 가면 운동기구를 많이 설치해 놓았잖아,4
2000,그래서 무릎이 안 좋으신 분들 같은 경우는 자전거를 타,4
2001,요즘에 헬스라든가 정기적으로 운동 같은 거 계속하고 있는 거야,4
2002,예전에는 게을러서 날씨 핑계 대고 그랬는데 수영은 날씨랑 상관도 없잖아,4
2003,내가 전에 우리 스트레칭 시간에 선생님이 일이 있어서 그 대신,4
2004,이번 주부터 수영을 시작했는데 나는 수영을 선택하기 잘한 것 같아,4
2005,첫날 요가하고 나오는데 너무 시원한 거야 몸이 풀리는 느낌이었어,4
2006,아마 이번에 아프지 않았더라면 평생 어떤 운동을 할 거라고 생각 못 했을 거야,4
